process,lemma,nova_label,confidence,frequency
add,add,NOVA 3,0.8254789,187921
heat,heat,NOVA 4,0.30437595,102759
cook,cook,NOVA 3,0.8468164,94106
stir,stir,NOVA 3,0.8254789,83544
place,place,NOVA 2,0.469408,55651
mix,mix,NOVA 1,0.14147158,53863
cover,cover,NOVA 1,0.34657547,50143
remove,remove,NOVA 2,0.46428323,49561
serve,serve,NOVA 2,0.46596247,42398
boil,boil,NOVA 3,0.79944307,39022
simmer,simmer,NOVA 3,0.7173461,37371
bake,bake,NOVA 3,0.8468164,30384
stirring,stirring,NOVA 3,0.79944307,29601
sprinkle,sprinkle,NOVA 3,0.8047093,27601
cool,cool,NOVA 1,0.41117924,26415
preheat,preheat,NOVA 3,0.70257926,24199
cut,cut,NOVA 1,0.56853783,22279
combine,combine,NOVA 4,0.4616019,21822
drain,drain,NOVA 1,0.6419678,21697
pour,pour,NOVA 4,0.05435067,20212
set,set,NOVA 2,0.38246244,18077
season,season,NOVA 2,0.2721251,16148
beat,beat,NOVA 2,0.3690666,15354
spread,spread,NOVA 2,0.4215039,14348
transfer,transfer,NOVA 1,0.4233778,13155
whisk,whisk,NOVA 1,0.4027103,11452
smooth,smooth,NOVA 3,0.57854617,11152
top,top,NOVA 2,0.3697234,11036
blend,blend,NOVA 4,0.4616019,10698
refrigerate,refrigerate,NOVA 3,0.79944307,10567
put,put,NOVA 1,0.52172565,10515
fry,fry,NOVA 3,0.826304,9820
melt,melt,NOVA 4,0.34446815,9803
reduce,reduce,NOVA 2,0.49368864,9366
fold,fold,NOVA 4,0.13543315,9360
dry,dry,NOVA 4,0.5379101,8763
slice,slice,NOVA 3,0.826304,8683
coat,coat,NOVA 4,0.46328837,7257
cream,cream,NOVA 3,0.57854617,6818
chop,chop,NOVA 3,0.8464666,6569
taste,taste,NOVA 3,0.43062016,6361
peel,peel,NOVA 1,0.6228491,6211
garnish,garnish,NOVA 3,0.826304,6100
brush,brush,NOVA 1,0.56853783,6083
press,press,NOVA 2,0.6302636,5999
drizzle,drizzle,NOVA 3,0.8254789,5792
roll,roll,NOVA 1,0.4386633,5716
grease,grease,NOVA 4,0.46328837,5490
chill,chill,NOVA 1,0.508821,5246
saute,saute,NOVA 3,0.8464666,5189
prepare,prepare,NOVA 2,0.24075192,5115
knead,knead,NOVA 1,0.5336762,4093
stand,stand,NOVA 1,0.43968385,4042
process,process,NOVA 1,0.4233778,3973
divide,divide,NOVA 2,0.42217618,3869
toss,toss,NOVA 3,0.826304,3240
strain,strain,NOVA 1,0.34786132,2994
puree,puree,NOVA 3,0.7278615,2853
rinse,rinse,NOVA 4,0.5009383,2743
spray,spray,NOVA 4,0.4331666,2726
seasoning,season,NOVA 2,0.2721251,2656
wash,wash,NOVA 4,0.46328837,2560
arrange,arrange,NOVA 2,0.3673246,2487
store,store,NOVA 2,0.25253275,2474
sift,sift,NOVA 1,0.19045626,2373
seal,seal,NOVA 4,0.36662897,2368
rise,rise,NOVA 2,0.49368864,2312
note,note,NOVA 2,0.63843757,2222
shape,shape,NOVA 2,0.25105983,2219
wrap,wrap,NOVA 3,0.56037533,2183
soak,soak,NOVA 1,0.6419678,2167
fill,fill,NOVA 2,0.5610592,2160
roast,roast,NOVA 3,0.5711076,2069
broil,broil,NOVA 3,0.70257926,2040
stir-fry,stir - fry,NOVA 3,0.7773267,1944
dust,dust,NOVA 4,0.46328837,1674
drop,drop,NOVA 2,0.3602325,1665
dip,dip,NOVA 3,0.8254789,1608
marinate,marinate,NOVA 3,0.7173461,1536
ladle,ladle,NOVA 3,0.70257926,1424
scoop,scoop,NOVA 1,0.6419678,1398
dice,dice,NOVA 2,0.29848346,1396
mash,mash,NOVA 3,0.8468164,1396
uncover,uncover,NOVA 4,0.39137322,1382
dissolve,dissolve,NOVA 4,0.6278323,1309
separate,separate,NOVA 4,0.30240616,1256
dressing,dress,NOVA 3,0.25125894,1199
uncovered,uncover,NOVA 4,0.39137322,1187
pat,pat,NOVA 1,0.2275412,1177
shake,shake,NOVA 1,0.6419678,1151
turn,turn,NOVA 1,0.52172565,1099
take,take,NOVA 2,0.36542767,1073
break,break,NOVA 1,0.43308467,1071
grind,grind,NOVA 1,0.4670903,1030
toast,toast,NOVA 3,0.753448,1017
evaporated,evaporate,NOVA 4,0.6278323,988
steam,steam,NOVA 4,0.5215184,966
squeeze,squeeze,NOVA 1,0.6419678,953
crumble,crumble,NOVA 3,0.753448,950
scrape,scrape,NOVA 2,0.40397835,915
shred,shre,NOVA 1,0.1757337,895
trim,trim,NOVA 1,0.2856495,891
scatter,scatter,NOVA 4,0.3327625,811
reheat,reheat,NOVA 3,0.6605913,806
flip,flip,NOVA 1,0.3383824,795
dredge,dredge,NOVA 3,0.43542522,782
crush,crush,NOVA 1,0.43308467,781
clean,clean,NOVA 1,0.39071572,732
check,check,NOVA 2,0.33854812,684
stuff,stuff,NOVA 1,0.49289858,682
grate,grate,NOVA 1,0.5336762,670
whip,whip,NOVA 1,0.26013392,658
bubbling,bubble,NOVA 2,0.29638335,637
punch,punch,NOVA 1,0.4386633,630
warm,warm,NOVA 3,0.57854617,617
skim,skim,NOVA 3,0.5980553,601
smoking,smoking,NOVA 2,0.39409977,567
thread,thread,NOVA 2,0.3555152,566
wipe,wipe,NOVA 4,0.46328837,563
decorate,decorate,NOVA 3,0.40291062,550
marinade,marinade,NOVA 3,0.8254789,543
zest,z,NOVA 2,0.12241541,538
handle,handle,NOVA 1,0.3638483,529
rub,rub,NOVA 3,0.4299379,523
flatten,flatten,NOVA 3,0.4299379,515
pull,pull,NOVA 1,0.4670903,513
push,push,NOVA 1,0.4670903,508
reserve,reserve,NOVA 2,0.3777117,491
mince,mince,NOVA 3,0.7728544,474
prick,prick,NOVA 1,0.3948643,466
open,open,NOVA 2,0.4215039,461
pre-heat,pre - heat,NOVA 4,0.33286345,456
butter,butter,NOVA 3,0.8254789,445
sear,sear,NOVA 3,0.6282498,443
measure,measure,NOVA 2,0.37041783,430
pressure,pressure,NOVA 1,0.40406415,427
wok,wok,NOVA 3,0.8254789,418
split,split,NOVA 2,0.3602325,400
rest,rest,NOVA 2,0.49699792,389
baste,baste,NOVA 3,0.8254789,386
bubble,bubble,NOVA 2,0.29638335,371
burn,burn,NOVA 1,0.48173454,365
skin,skin,NOVA 2,0.35494125,364
pop,pop,NOVA 1,0.4152143,359
squash,squash,NOVA 3,0.7278615,357
move,move,NOVA 1,0.4670903,341
soften,soften,NOVA 4,0.441255,332
blanch,blanch,NOVA 3,0.7278615,328
raise,raise,NOVA 2,0.38246244,328
deglaze,deglaze,NOVA 3,0.79944307,325
pierce,pierce,NOVA 1,0.20280114,315
absorbed,absorb,NOVA 4,0.41743103,304
stream,stream,NOVA 4,0.39214328,304
assemble,assemble,NOVA 4,0.50498277,299
stack,stack,NOVA 1,0.31805176,285
moisten,moisten,NOVA 4,0.46032512,284
ice,ice,NOVA 3,0.43195477,284
replace,replace,NOVA 4,0.39678603,276
foil,foil,NOVA 1,0.34657547,273
pack,pack,NOVA 2,0.3303597,273
tear,tear,NOVA 1,0.43308467,270
square,square,NOVA 2,0.4215039,269
caramelized,caramelize,NOVA 3,0.8464666,264
smoke,smoke,NOVA 4,0.57745534,264
yield,yield,NOVA 4,0.45322013,249
throw,throw,NOVA 1,0.52172565,249
save,save,NOVA 2,0.39154968,246
tie,tie,NOVA 1,0.4250776,243
pick,pick,NOVA 2,0.40985072,241
invert,invert,NOVA 4,0.46990788,236
sieve,sieve,NOVA 1,0.5336762,234
hold,hold,NOVA 2,0.38246244,233
swirl,swirl,NOVA 3,0.57854617,233
poke,poke,NOVA 1,0.3948643,226
charred,char,NOVA 2,0.12241541,216
floured,flour,NOVA 3,0.51611155,216
sizzle,sizzle,NOVA 3,0.8254789,214
wet,wet,NOVA 1,0.30200934,210
dump,dump,NOVA 1,0.49289858,205
mound,mound,NOVA 3,0.4299379,205
frost,frost,NOVA 1,0.2903504,200
test,test,NOVA 2,0.24075192,195
thaw,thaw,NOVA 3,0.76309395,193
distribute,distribute,NOVA 4,0.50498277,193
wait,wait,NOVA 1,0.43968385,190
sit,sit,NOVA 1,0.35039565,185
glaze,glaze,NOVA 4,0.38029954,185
scrub,scrub,NOVA 4,0.45077986,184
carve,carve,NOVA 3,0.40291062,183
drip,drip,NOVA 4,0.4331666,181
overcook,overcook,NOVA 3,0.7278615,178
stew,stew,NOVA 3,0.753448,178
start,start,NOVA 1,0.52172565,165
style,style,NOVA 2,0.4134057,159
select,select,NOVA 2,0.25253275,155
griddle,griddle,NOVA 3,0.70257926,154
unroll,unroll,NOVA 1,0.13552083,153
insert,insert,NOVA 2,0.16674379,150
sweat,sweat,NOVA 2,0.4271606,150
tuck,tuck,NOVA 1,0.19163993,149
meld,meld,NOVA 4,0.4616019,146
unwrap,unwrap,NOVA 3,0.56037533,144
scorching,scorch,NOVA 4,0.46032512,141
caramelize,caramelize,NOVA 3,0.8464666,135
defrost,defrost,NOVA 3,0.70257926,132
splutter,splutter,NOVA 3,0.5367633,132
scramble,scramble,NOVA 4,0.26971498,130
thicken,thicken,NOVA 3,0.79944307,128
scald,scald,NOVA 4,0.35737464,126
barbecue,barbecue,NOVA 3,0.7728544,119
twist,twist,NOVA 1,0.4386633,119
unmold,unmold,NOVA 3,-0.021374056,116
poach,poach,NOVA 3,0.79944307,115
presentation,presentation,NOVA 2,0.40943098,111
dress,dress,NOVA 3,0.25125894,111
smear,smear,NOVA 2,0.40397835,109
crockpot,crockpot,NOVA 3,0.70257926,108
overmix,overmix,NOVA 4,0.050911292,108
smash,smash,NOVA 1,0.4386633,104
devein,devein,NOVA 3,0.5603952,103
powdered,powder,NOVA 4,0.53292626,102
moist,moist,NOVA 3,0.57854617,102
evaporate,evaporate,NOVA 4,0.6278323,100
flake,flake,NOVA 4,0.4326479,97
roux,roux,NOVA 3,0.79944307,95
slit,slit,NOVA 1,0.33480868,92
dripping,drip,NOVA 4,0.4331666,91
repeat,repeat,NOVA 2,0.30861494,90
parboil,parboil,NOVA 3,0.5943536,89
unfold,unfold,NOVA 2,0.27013546,88
rising,rise,NOVA 2,0.49368864,88
sprout,sprout,NOVA 3,0.75396544,88
stretch,stretch,NOVA 3,0.4299379,87
steep,steep,NOVA 2,0.3602325,85
condensed,condense,NOVA 4,0.6278323,81
braise,braise,NOVA 3,0.7173461,81
minced,mince,NOVA 3,0.7728544,78
whirl,whirl,NOVA 1,0.4027103,78
tilt,tilt,NOVA 1,0.2683435,76
lard,lard,NOVA 4,0.42443866,75
deflate,deflate,NOVA 2,0.29638335,73
sort,sort,NOVA 2,0.44366434,71
strip,strip,NOVA 2,0.29808882,70
dollop,dollop,NOVA 3,0.43195477,69
submerge,submerge,NOVA 4,0.28517583,69
rotate,rotate,NOVA 4,0.46990788,68
splash,splash,NOVA 1,0.6419678,67
pan-fry,pan - fry,NOVA 3,0.7773267,67
curdle,curdle,NOVA 4,0.4512678,66
char,char,NOVA 2,0.12241541,65
freezing,freezing,NOVA 4,0.45156637,65
stop,stop,NOVA 1,0.52172565,65
slash,slash,NOVA 1,0.17906798,63
crimp,crimp,NOVA 1,0.29533815,60
muddle,muddle,NOVA 2,0.25700566,60
sterilize,sterilize,NOVA 4,0.4446532,55
blot,blot,NOVA 4,0.1543501,54
touch,touch,NOVA 2,0.3636237,53
flavoring,flavoring,NOVA 4,0.65191,53
foam,foam,NOVA 4,0.30537772,53
dash,dash,NOVA 1,0.6419678,52
snap,snap,NOVA 1,0.4386633,52
immerse,immerse,NOVA 4,0.3590768,52
settle,settle,NOVA 2,0.26461414,50
massage,massage,NOVA 2,0.32275862,50
sweeten,sweeten,NOVA 4,0.57336974,49
wilt,wilt,NOVA 1,0.19598372,48
slather,slather,NOVA 2,0.40397835,47
mould,mould,NOVA 4,0.36662897,47
blitz,blitz,NOVA 2,0.4263743,47
