recipe_text,nova_label
"1/2 large sweet red onion , thinly sliced",1
"6 ounces fresh mushrooms , sliced",1
4 corn tortillas,1
1 -LRB- 9 ounce -RRB- package refrigerated cheese tortellini,1
2 tablespoons chopped fresh basil leaves,1
3/4 cup white sugar,2
2 tablespoons extra-virgin olive oil,2
"1 tomato , thinly sliced",1
2 -LRB- 8 ounce -RRB- cans refrigerated crescent rolls,1
6 -LRB- 6 ounce -RRB- tilapia fillets,1
1 1/2 teaspoons curry powder,2
1 tablespoon Worcestershire sauce,1
"3 large garlic cloves , minced",1
1/3 cup orange juice,1
"1/2 cup chopped onion , or to taste",1
1 teaspoon ground thyme,2
2 -LRB- 1.5 fluid ounce -RRB- jiggers banana liqueur,1
3/4 cup shredded mozzarella cheese,1
"4 -LRB- 4 ounce -RRB- fillets salmon , skin removed",1
1 cup vegetable oil,2
"1 pound fresh green beans , cut into 1 inch pieces",1
1 teaspoon sesame oil,2
1 1/2 pounds ground beef,2
1 pound salad shrimp,1
"2 portobello mushroom caps , sliced",1
3/4 pound crabmeat,1
1/2 pint sour cream,1
"1 bunch green onions , minced",1
1 tablespoon poppy seeds,1
1/4 cup cornstarch,2
2 tablespoons chopped fresh mint,1
1/4 cup milk,1
2 teaspoons granulated garlic,1
1 -LRB- 12 ounce -RRB- box Barilla Gluten Free Penne,1
"4 medium tomatoes , halved",1
1 pinch cayenne pepper,1
"1 tablespoon butter , softened",2
2 teaspoons dried thyme,1
1 -LRB- 0.25 ounce -RRB- package instant yeast,4
"3 stalks lemon grass , cut into 1 inch pieces",1
4 cups sliced carrot,1
1/2 teaspoon ground turmeric,2
2 1/2 tablespoons white sugar,2
"2/3 cup almonds , coarsely chopped",1
4 cups hominy,1
4 slices Monterey Jack cheese,1
"8 slices crisp cooked bacon , crumbled",1
"5 cups apples - peeled , cored and chopped",1
1 -LRB- 1 ounce -RRB- package fajita seasoning,1
1 fluid ounce red food coloring,4
"8 ounces sliced pepperoni sausage , each slice cut in half",1
ice,1
"paprika , or to taste",1
2 -LRB- 32 ounce -RRB- containers reduced sodium chicken broth,1
2 tablespoons pomegranate juice,1
3/4 cup fresh peas,1
2 tablespoons warm milk -LRB- 110 to 115 degrees F -RRB-,1
2 teaspoons ground turmeric,2
15 lasagna noodles,1
2 tablespoons minced jalapeno pepper,1
1 -LRB- 15 ounce -RRB- can coconut milk,3
"1 large leek , cleaned and thinly sliced",1
"8 slices bacon , cooked and crumbled",1
2 teaspoons water,1
1 1/2 teaspoons sugar,2
2 cups heavy whipping cream,1
2 -LRB- 3/4 pound -RRB- pork tenderloins,1
6 cups ice,1
1 pinch ground allspice,2
1 cup raisins,1
"3 onions , peeled",1
1 -LRB- 8 ounce -RRB- package cream cheese,1
"3 English cucumbers , peeled and cubed",1
3/4 cup milk,1
"3/4 cup chilled unsalted butter , cut into small pieces",2
1/2 cup small diced green bell pepper,1
"2 -LRB- 6 ounce -RRB- cans black olives , drained and thinly sliced",1
1 tablespoon orange zest -LRB- optional -RRB-,1
"1 green or red bell pepper , chopped",1
1/2 cup chopped celery,1
1 -LRB- 12 ounce -RRB- package texturized vegetable protein -LRB- TVP -RRB-,4
1/4 cup diced carrot,1
1 cup butter,2
1/2 cup tomato sauce,1
"1 fresh jalapeno pepper , seeded and minced",1
1 1/2 cups warm water -LRB- 110 degrees F/45 degrees C -RRB-,1
1/2 cup coconut milk,1
1 teaspoon dried rosemary,1
20 wonton wrappers,1
1 -LRB- 16 ounce -RRB- can diced tomatoes with juice,3
"1 teaspoon cornstarch , mixed with equal parts water",2
1 -LRB- 1.9 ounce -RRB- container aji nori furikake -LRB- seasoned seaweed and sesame rice topping -RRB-,1
1 -LRB- 9 inch -RRB- sponge cake,1
"1 -LRB- 14.5 ounce -RRB- can black beans , rinsed and drained",3
1 cup long grain white rice,1
1/2 cup cold butter,2
"1 large onion , grated",1
"6 pounds small white onions , cleaned and scored",1
"2 red bell peppers , sliced",1
"3 poblano peppers , seeded and diced",1
2 beef bouillon cubes,1
7 -LRB- 28 ounce -RRB- cans crushed tomatoes,1
1 tablespoon salt and pepper to taste,2
2 1/2 cups diced apple without peel,1
3 scoops vanilla ice cream,1
1 1/4 cups cornmeal,1
1/2 cup skim milk,1
"4 tomatoes , chopped",1
2 tablespoons canola oil,2
"2 lemons , juiced",1
"2 pounds skinless , boneless chicken breast halves - cut into bite-size pieces",1
2 teaspoons baking soda,3
"1 green bell pepper , seeded and cut into strips",1
1 -LRB- 16 ounce -RRB- package shredded mozzarella cheese,1
2 teaspoons grated orange zest,1
"4 cups bread flour , or as needed",1
1/4 cup hot pepper sauce,1
"1 tablespoon chopped fresh parsley , for garnish",1
1 1/2 pounds salmon steaks,1
2 tablespoons chopped fresh rosemary,1
"2 cups chopped , roasted green chiles",3
2/3 cup clarified butter,2
"16 leaves fresh mint , crushed",1
2 1/2 tablespoons garlic oil,1
"1 -LRB- 1/2 inch -RRB- piece fresh ginger , sliced",1
2 tablespoons grated fresh ginger,1
1 dash onion powder,2
2 slices bread,1
"1 pound mozzarella cheese , shredded",1
2 tablespoons prepared basil pesto,1
2 tablespoons smoked paprika,3
1/2 teaspoon ground cayenne pepper,2
5 saffron threads,1
1 1/2 teaspoons butter,2
1 cup red wine,1
"1 avocado - peeled , seeded and sliced",1
1/2 cup unsalted butter,2
"1 -LRB- 16 ounce -RRB- can cannellini beans , rinsed and drained",3
"1 small fresh jalapeno pepper , minced",1
2 teaspoons chopped fresh thyme,1
"1 carrot , grated",1
"2 teaspoons Cajun seasoning , or to taste",1
"1 large carrot , grated",1
1/2 cup chopped onion,1
1/2 teaspoon red pepper flakes -LRB- optional -RRB-,1
1/2 cup chopped fresh cilantro leaves,1
3 cups apricot preserves,1
2 teaspoons grated lemon zest,1
"1 -LRB- 1 pound -RRB- loaf processed cheese food , cut into thin slices",3
1/4 cup chopped fresh mint,1
3 tablespoons ground turmeric,2
11 cups all-purpose flour,1
"3 large cloves garlic , chopped",1
"1 -LRB- 1 pound -RRB- package bacon , chopped",1
"1 pound shark steaks , cut into chunks",1
"2 pounds large shrimp , peeled and deveined",1
1 teaspoon ground paprika,2
1 cup dry unsweetened shredded coconut,2
1/2 bunch cilantro,1
"2 cups fiddlehead ferns , ends trimmed",1
2 cups hot water,1
1 tablespoon pepper,1
"2 small tomatoes , diced",1
"1/2 cup margarine , melted",1
"1/2 -LRB- 8 ounce -RRB- package sharp Cheddar cheese , cut into strips",1
1/4 cup distilled white vinegar,3
2 teaspoons chopped cashews,1
2 teaspoons grated lemon peel,1
"1 sheet nori -LRB- dried seaweed -RRB- , cut into thin strips -LRB- optional -RRB-",1
1/3 cup miso paste,1
1/3 cup white vinegar,3
6 whole cloves,1
2 romaine lettuce leaves,1
"4 skinless , boneless turkey breast halves",1
"12 plums , pitted and halved",1
"toothpicks , soaked in water",1
2 1/2 tablespoons red miso paste,1
"1 teaspoon salt , or to taste",2
"2 onions , minced",1
1 tablespoon fish sauce,1
2 tablespoons cornstarch,2
thinly sliced pepperoni,1
5 tablespoons vegetable oil,2
1/4 teaspoon Sichuan peppercorns,1
2 tablespoons palm sugar,2
"4 carrots , peeled and grated",1
3 tablespoons minced fresh ginger root,1
1 1/2 teaspoons ground cinnamon,2
1/2 cup crumbled feta cheese,1
2 1/2 teaspoons ground ginger,2
6 pods green cardamom,1
2 cups fat-free mayonnaise,1
"4 potatoes , peeled and sliced 1/2-inch thick",1
6 sheets nori -LRB- dry seaweed -RRB-,2
"1 -LRB- 15 ounce -RRB- can kidney beans , rinsed and drained",3
2 large heads savoy cabbage,1
"1/4 cup fresh oregano , chopped",1
"2 -LRB- 15 ounce -RRB- cans black beans , drained and rinsed",1
2 teaspoons vegetable oil,2
1/4 teaspoon red pepper flakes,1
3/4 cup sifted confectioners ' sugar,2
2 tablespoons tomato paste,1
2 teaspoons rice wine vinegar,3
1 cup finely chopped red onion,1
1 -LRB- 10.75 ounce -RRB- can condensed cream of chicken soup,3
1/2 cup chopped ham,1
2 tablespoons minced onion,1
1 -LRB- 10.75 ounce -RRB- can condensed cream of mushroom soup,3
1 scoop vanilla bean ice cream -LRB- optional -RRB-,1
1 tablespoon Cajun seasoning,1
1 teaspoon granulated sugar,2
1 teaspoon seasoned salt,2
1 -LRB- 15 ounce -RRB- can diced tomatoes,3
1 red bell pepper,1
"2 onions , chopped",1
1/4 cup honey,2
"1 egg , slightly beaten",1
1/4 teaspoon white sugar,2
2 tablespoons pine nuts,1
2 teaspoons baking powder,3
2/3 cup butter,2
1 cup real maple syrup,2
1/4 cup blanched slivered almonds,1
1/4 teaspoon anise seed,1
1 pinch white sugar,2
"1 head cauliflower , cut into florets",1
2 tablespoons Cajun seasoning,1
1/8 cup olive oil,2
"1 cup water , or as needed to cover",1
1 cup chopped green onions,1
"1 1/2 pounds sweet Italian sausage without fennel , casings removed",1
6 slices bacon,1
10 fresh curry leaves -LRB- optional -RRB-,1
1 tablespoon garlic oil,1
1 cup refried beans,1
1 cup chopped walnuts -LRB- optional -RRB-,1
3 chipotle peppers in adobo sauce,1
1/2 cup sunflower seeds,1
1 tablespoon garlic salt,2
1 tablespoon garlic powder,2
1/2 cup distilled white vinegar,3
"1/2 bunch fresh cilantro , finely chopped",1
2 pinches ground black pepper,2
3/4 cup crushed potato chips,1
"1 pound beef flank steak , trimmed of fat",1
1 cup whipped cream,1
"2 tablespoons extra virgin olive oil , divided",2
1 cup shredded Cheddar/Monterey Jack cheese blend,1
1/2 teaspoon salt-free seasoning blend,2
1/2 pound venison heart -LRB- optional -RRB-,1
1/4 -LRB- 1 ounce -RRB- package taco seasoning mix,1
1 teaspoon light soy sauce,3
2 cups chopped fresh spinach,1
"1/4 cup shredded Swiss cheese , or as needed -LRB- optional -RRB-",1
1 cup cold 2 % milk,1
4 cups vegetable broth,1
1 -LRB- 7 ounce -RRB- package toasted flake coconut,1
2 -LRB- 8 ounce -RRB- packages angel hair pasta,1
2 cups ketchup,3
1 cup chopped onion,1
4 pounds onions,1
"2 ripe tomatoes , diced",1
1/2 teaspoon garlic powder,2
1 cup corn oil,1
"1 teaspoon mayonnaise , or to taste",1
"2 -LRB- 14 ounce -RRB- cans green enchilada sauce , divided",1
"1 pod star anise , whole",1
"1 pound Italian sausage , casings removed",1
1 cup diced green chili peppers,1
3/4 cup blanched almonds,1
1 teaspoon white pepper,1
1 teaspoon vegetable oil,2
1/4 cup light soy sauce,3
6 pounds pork back ribs,1
2 cups cranberry sauce,1
"1 lemon , juiced , or to taste",1
6 ounces shredded Swiss cheese,1
1 1/2 teaspoons oyster sauce,1
"1 point from whole smoked brisket , cut into 1-inch squares",3
1/3 cup red wine,1
3/4 teaspoon freshly ground black pepper,2
1 cup chickpea flour -LRB- besan -RRB-,1
1/2 teaspoon saffron,1
1 cup sifted all-purpose flour,2
2 1/4 cups white sugar,2
1 dash pepper sauce,1
1 tablespoon Italian seasoning,1
2 tablespoons honey,2
3/4 cup dry bread crumbs,2
4 teaspoons dried mint,1
"1 -LRB- 5 ounce -RRB- can sliced water chestnuts , drained",3
2 tablespoons Italian salad dressing,1
2 avocados,1
2 tablespoons garlic paste,1
1/2 cup plain low-fat Greek yogurt,1
"2 apples - peeled , cored and finely chopped",1
4 cups lard for frying,3
1 -LRB- 4 pound -RRB- lean raw corned beef brisket,1
1 teaspoon yeast extract spread -LRB- optional -RRB-,4
"1 pound roma -LRB- plum -RRB- tomatoes , chopped",1
1 tablespoon chicken bouillon granules,1
8 slices pepperjack cheese,1
1 teaspoon ground dried chile pepper -LRB- optional -RRB-,2
1/2 teaspoon dried onion flakes,1
"1 bunch fresh parsley , chopped",1
"3 eggs , or more to taste",1
2 tablespoons bread flour,1
"4 cups refried beans , divided",1
2 tablespoons water,1
1 large egg,1
Lime Wedge,1
"4 potatoes , quartered",1
1 cup tahini -LRB- sesame-seed paste -RRB-,1
2 teaspoons rice vinegar,3
1/3 cup frozen corn kernels,1
"2 cloves garlic , peeled",1
1/4 teaspoon instant coffee granules,4
1/4 cup dry bread crumbs,2
1 teaspoon ground coriander,2
"2 tomatoes , cubed",1
1/2 teaspoon ground cumin -LRB- optional -RRB-,2
1/4 cup lemon juice,1
"2 -LRB- 6.5 ounce -RRB- cans chopped clams , drained",1
"1 cup eggs , beaten",1
1 tablespoon flax seeds,1
1/2 cup peanut butter,2
2 ounces bittersweet chocolate,1
2 teaspoons ground black pepper,2
"1 pound mild Italian turkey sausage , casings removed",1
1 teaspoon prepared mustard,3
"3/4 pound boneless , skinless chicken breasts",1
1/2 tablespoon miso paste,1
2 cups cooked diced chicken,1
1 tablespoon minced lemon grass,1
"2 tablespoons green bell pepper , chopped",1
"1/2 yellow onion , sliced",1
1 tablespoon Asian -LRB- toasted -RRB- sesame oil,2
"1 -LRB- 1 pound -RRB- loaf Italian bread , cut into 1-inch cubes",1
"3 tablespoons softened butter , or as needed",2
1 1/2 cups milk,1
1/4 cup vinegar,3
1 -LRB- 16 ounce -RRB- bottle Catalina salad dressing,3
12 slices pancetta -LRB- Italian unsmoked cured bacon -RRB-,3
"1 sweet Italian pepper , chopped",1
1/2 cup crumbled feta cheese -LRB- can use reduced-fat -RRB-,3
1/4 cup chopped celery,1
"4 cloves garlic , chopped",1
"1 apple - peeled , cored and sliced",1
"1 bunch green onions , chopped",1
"1 small carrot , grated",1
4 cups peeled and diced pumpkin,1
1 teaspoon lemon pepper,1
"5 slices bacon , chopped",1
"4 medium fresh jalapeno peppers , seeded , deveined , and finely minced",1
1 -LRB- 4.5 ounce -RRB- can diced green chile peppers,3
"1/2 small red onion , chopped",1
1 dash ground black pepper,2
1 pinch ground nutmeg,2
"1 -LRB- 2 inch -RRB- piece fresh ginger root , peeled and sliced",1
1/4 cup dry white wine,2
1/2 cup uncooked spinach pasta,1
"1/2 cup olive oil , divided",2
"1 serrano chile pepper , sliced , or more to taste",1
1 cup chopped fennel bulb,1
"1 tablespoon chopped fresh cilantro , or more to taste",1
3 tablespoons ketchup,3
"3/4 cup cool water , divided",1
4 slices ripe tomato,1
2 1/2 cups dry lentils,2
1/4 cup soy sauce,3
2 tablespoons dried oregano,1
"3/4 cup tomatoes , chopped",1
1/2 cup blueberries,1
8 flour tortillas,1
freshly ground black pepper to taste,2
sour cream,1
"1 cup panko bread crumbs , or as needed",1
1 hot chile pepper,1
3 tablespoons garlic powder,2
"2 tablespoons crumbled feta cheese , divided",1
1 1/2 cups butter,2
"3 carrots , sliced",1
"1/2 cup Parmigiano Reggiano cheese , shaved",1
4 teaspoons Dijon mustard,3
1/2 cup pine nuts,1
24 spot prawns,1
1 tablespoon chopped fresh mint,1
1/3 cup extra virgin olive oil,2
soy sauce,3
10 leaves lettuce,1
"1 pound salt pork , diced",2
"1 -LRB- 15 ounce -RRB- can cannellini -LRB- white kidney -RRB- beans , drained",3
1 3/4 cups water,1
"5 pounds American cheese , cut into pieces",1
"4 green onions , thinly sliced",1
"1 jalapeno pepper , minced",1
2 1/2 tablespoons prepared horseradish,1
"2 tablespoons red wine , or as needed",1
1 1/2 tablespoons butter,2
"3/4 cup macadamia nut oil , or more as needed",1
"1 teaspoon red wine vinegar , or more to taste",3
1/2 teaspoon ground red pepper,2
1 tablespoon chopped fresh rosemary,1
1 1/2 tablespoons dried oregano,1
olive oil,2
"6 tomatoes - peeled , seeded , and chopped",1
1/2 teaspoon cayenne powder -LRB- optional -RRB-,2
1 -LRB- 8 ounce -RRB- container pineapple cream cheese spread,3
3 tablespoons tomato paste,1
"1 lemon , cut into wedges",1
1 1/2 cups canned pineapple chunks,3
"4 burrito-size tortillas , or as needed",1
"1/4 cup sour cream , or to taste",1
freshly grated Parmesan cheese,1
1/4 cup slivered kalamata olives,1
1 teaspoon Worcestershire sauce,1
"1 lemon , juiced",1
"2 tablespoons margarine , softened",1
4 salmon fillets,1
"2 zucchinis , sliced",1
"1/4 cup chopped cilantro , or to taste",1
4 ounces shredded mozzarella cheese,1
2 teaspoons chopped fresh dill,1
1/2 teaspoon baking powder,3
1 -LRB- 32 ounce -RRB- container plain yogurt,1
"1/4 pound bacon , chopped",1
3/4 cup confectioners ' sugar,2
1/2 cup chopped green onions,1
"2 teaspoons chili powder , divided",2
"1 acorn squash , halved and seeded",1
"3 tablespoons chopped fresh cilantro , divided",1
1 teaspoon paprika,1
1/2 teaspoon black pepper,1
1 -LRB- 5 pound -RRB- boneless pork loin roast,3
"1 -LRB- 2.25 ounce -RRB- can sliced black olives , drained",3
1/4 cup brown sugar,2
"1 large head cabbage , shredded",1
7 ounces 1/4-inch thick rice stick noodles,1
1 pinch red pepper flakes,1
1 -LRB- 6.5 ounce -RRB- can minced clams,3
"1/3 cup unsalted butter , softened",2
2 teaspoons soy sauce,3
1 pound red seedless grapes,1
1 1/2 cups grated Parmesan cheese,1
"10 -LRB- 6 inch -RRB- corn tortillas , quartered",1
"1 pound beef tenderloin , cubed",1
1 pinch sea salt,2
"1 onion , finely chopped",1
"5 cloves garlic , pressed",2
1/4 cup minced fresh basil,1
1/2 -LRB- 750 milliliter -RRB- bottle dry white wine,3
1 -LRB- 11 ounce -RRB- can Mexican-style corn,3
1 1/8 cups rolled oats,1
5 tablespoons double concentrated tomato paste,1
"1 pound potatoes , peeled and diced",1
1/2 cup minced fresh mint leaves,1
"4 green onions , sliced",1
"2 green onions , sliced thinly",1
4 tablespoons rum,1
"1 pound Monterey Jack cheese , grated",1
2 teaspoons lemon juice,1
2 teaspoons margarine,1
1 3/4 cups white sugar,2
2 tablespoons sake,1
8 ounces lean ground beef,2
2 cups broth from cooked oxtails,1
"1 large green bell pepper , sliced into strips",1
1 cup unsalted butter,2
2/3 cup uncooked white rice,1
1 tablespoon soy sauce -LRB- optional -RRB-,3
"2 cloves garlic , peeled and coarsely chopped",1
1/2 cup Amarula liqueur,1
2 tablespoons Kraft 100 % Parmesan Shredded Cheese,1
1 cup finely ground cornmeal,2
"1/4 cup butter , softened",2
2 cups sifted all-purpose flour,2
1 tablespoon drained capers,1
1 pint part-skim ricotta cheese,1
5 cups water,1
1/4 cup chopped fresh chives,1
"1/2 cup fresh bean sprouts , or to taste -LRB- optional -RRB-",1
"4 eggs , whites and yolks separated",1
"1 sheet frozen puff pastry , thawed",1
"6 ounces black olives , sliced",1
"6 teaspoons of fresh mint , chopped",1
"3 onions , chopped",1
796 ml crushed tomatoes,1
3 tablespoons chopped of fresh mint -LRB- optional -RRB-,1
1 1/4 cups peeled chopped apples,1
2 tablespoons chopped coriander,1
1/4 cup frozen lima beans,1
"1 large jalapeno , diced with seeds removed",1
400 g drained chickpeas,1
"1/2 red onion , sliced in strips",1
"2 3/4 cups chicken stock , divided",1
1/4 cup sliced ripe olives,1
"10 strawberries , sliced",1
"6 plum tomatoes , sliced into 1/8-inch thick rounds",1
"2 tablespoons fresh flat-leaf Italian parsley , chopped -LRB- NOT dried -RRB-",1
"4 small boiling potatoes , peeled diced into 1/4 inch pieces",1
1/3 cup sliced almonds -LRB- sliced -RRB-,1
"1 1/4 cups carrots , sliced",1
4 dried Chinese mushrooms,1
7 ounces cooked and peeled whole chestnuts,1
"850 g tomatoes , chopped -LRB- cans -RRB-",1
2 cups thickly sliced carrots,1
4 tablespoons drained capers,1
"2-3 cloves garlic , chopped",1
"2 ounces prosciutto -LRB- optional -RRB- or 4 slices bacon , chopped -LRB- optional -RRB-",1
2 tablespoons peeled and finely chopped cucumbers,1
1 1/2 - 2 cups cooked rice,1
"sliced avocado , for garnish -LRB- optional -RRB-",1
"4 ounces cooked shrimp , coarsley chopped",1
"4 cups canned beef broth , diluted with 1/2 cup water",3
"4 bunches green onions , sliced",1
"10 ounces mushrooms , chopped into 1/2-inch dice",1
2 tablespoons chopped fresh coriander,1
"4 cups yellow onions , chopped",1
"2 cups flour , sifted",2
"2 tablespoons chopped fresh thyme , plus",1
"1 cup Tang orange crystals , made according to pack instructions",1
"1 small onion , sliced -LRB- optional -RRB-",1
"2 cups sweetened flaked coconut , toasted divided",3
"2 lbs potatoes , peeled and cut in uniform pieces",1
"5 tablespoons butter , melted",2
"3 carrots , chopped",1
"3 tablespoons fresh parsley , chopped",1
3 cups sliced mushrooms,1
"1 1/4 cups extra virgin olive oil , divided",2
"2 tablespoons chopped cilantro , plus",1
2 ounces desiccated coconut,1
3 slices smoked bacon or 3 slices parma ham,3
"1 jalapeno , chopped -LRB- optional -RRB-",1
"2 quarters quick preserved limes , finely chopped -LRB- ingredients for this below -RRB-",3
"6 ounces spinach leaves , chopped",1
"40 g fresh parsley , chopped",1
"4 onions , chopped",1
"3 ounces butter , chilled and cut into cubes",2
"2 tablespoons coriander seeds , crushed",1
"2 cups fresh spinach , chopped",1
"2 green chilies , chopped to 1/2 '' pieces",1
"12 ounces pasta , such as penne or 12 ounces farfalle pasta , cooked al dente",1
"2-3 cups diced cooked chicken -LRB- I use deli chicken , boned and diced -RRB-",1
"2 cups cherry tomatoes , halved",1
2 tablespoons finely chopped lemons -LRB- some rind -RRB-,1
1/8 teaspoon sugar,2
1 pinch mustard,3
1/2 teaspoon . salt,2
1 - 1 1/2 cup hot chicken stock,1
100 ml milk,1
1 - 1 1/4 lb beef eye round,1
1 tablespoon sake,1
1 lb penne,1
60 g flour,1
1 tablespoon scallion,1
1-2 slice turkey,1
1/4 teaspoon parsley,1
1 clove,1
1 beefsteak tomato,1
1/8 teaspoon oregano,1
1/3 cup sake,1
1-2 teaspoon parsley,1
1/2 onion,1
1 pinch turmeric,1
65 g butter,2
"2-3 avocados , cubed",1
1/2 - 1 teaspoon salt,2
1 teaspoon mayonnaise,1
1 bunch broccoli,1
600 ml milk,1
1/16 teaspoon salt,2
1/4 ounce yeast,1
1 cup rum,1
1/2 cup pepper,1
250 ml coconut,1
1-2 tablespoon cornstarch,2
1/4 lb margarine,1
20 g cheese,1
1/2 cup soymilk,1
200 ml milk,1
430 g water,1
1/3 cup vinegar,3
600 g flour,1
6 g salt,2
1/4 teaspoon yeast,1
3 zucchini,1
2 pork tenderloin,1
1 tablespoon onion,1
1 cup cornstarch,2
1 lb clam,1
2/3 cup milk,1
2/3 cup catsup,1
1/4 teaspoon peppercorn,1
475 ml water,1
1 tablespoon marjoram,1
2 zucchini,1
1/3 cup lard,2
1/2 tablespoon cornstarch,2
1/2 cup broccoli,1
1 1 tablespoon canola oil or 1 tablespoon saffola oil,2
"1 squirrel , cut up",1
1 1/2 sugar,2
45 g butter,2
3/4 cup polenta,1
1 cup milo,1
1/8 cup skim milk,1
1/4 cup vodka,1
300 g sugar,2
1/4 lb capicola,1
1 gallon water,1
1/4 cup cornmeal,1
1/4 teaspoon cumin,1
30 ml cognac,1
1 sprig rosemary,1
1 - 1 1/2 teaspoon oregano -LRB- preferably Mediterranean -RRB-,1
1 scallion,1
1 lime wedge,1
1 pint ale,1
1/3 cup mayonnaise,1
3/4 teaspoon turmeric,1
1/8 teaspoon allspice,1
1/4 cup ketchup,3
500 ml buttermilk,1
1 leek,1
1 cup ice,1
1/2 tablespoon oregano,1
1 cup catsup,1
1/3 cup Licor 43,1
1 tablespoon tequila,1
1 tablespoon peppercorn,1
120 g cream,1
3/4 tablespoon flour,1
1 - 1 1/2 lb beef flank steak,1
1/4 bunch cilantro,1
2/3 glass champagne,1
1/2 ounce butter,2
1 quart oil,1
90 g cheese,1
1 lb cubed lamb,1
1 - 1 1/2 lb boneless chicken breast,1
50 ml water,1
250 ml water,1
3/4 lb fettuccine,1
1 pint half-and-half,1
1/8 cup water,1
3/4 lb penne,1
1 teaspoon cilantro,1
1-2 teaspoon salt,2
15 g spinach,1
1/4 cup brandy,1
250 g mascarpone,1
1 pomegranate,1
1/3 teaspoon turmeric,1
1/4 cup sultana,1
1 pickle,3
1/4 - 1/2 cup soy sauce,3
2 cm ginger,1
1/4 cup skim milk,1
1/4 cup mirin,1
1/4 cup salt,2
1/2 liter water,1
1 teaspoon peppercorn,1
1/3 cup cocoa,1
1/3 1/3 cup apple juice or 1/3 cup orange juice,1
1/4 - 1/2 teaspoon oregano,1
1 lb beef,1
1/2 cup popcorn,1
5 ml turmeric,1
1 head cauliflower,1
1/2 teaspoon butter,2
100 ml beer,1
1 tablespoon kudzu,1
1 teaspoon sage,1
1/4 cup cognac,1
180 g flour,1
1 lb linguine,1
1 cup spinach,1
1 tablespoon curry,1
"1 medium red bell pepper , cut into 1 inch pieces - 1 cup",1
1 garlic,1
1 tablespoon mayonnaise,1
1 tablespoon rosemary,1
2 tablespoons / 30 ml canola oil,2
1 dash thyme,1
1 lb hamburger,1
1/2 tablespoon paprika,1
1/3 cup sultana,1
60 ml sugar,2
1/4 ounce tarragon,1
1 dash oregano,1
200 g sugar,2
1/4 cup vinegar,3
"4 medium potatoes , cubed",1
1/2 lime,1
1 quart milk,1
1/4 - 1/3 cup parmesan cheese,1
1/4 teaspoon coriander,1
1/8 cup vinegar,3
1 beef brisket,1
1 leaf lettuce,1
1/2 - 3/4 cup water,1
8 g pepper,1
"1-2 1-2 teaspoon tapioca flour or 1-2 teaspoon cornstarch , with",2
1/2 cup watercress,1
1 cup half-and-half,1
"2 chorizo sausages , cubed",1
1 lb onion,1
1 spaghetti squash,1
1 teaspoon gluten,1
1 lb pork,1
1/4 tablespoon cinnamon,1
1 ounce whiskey,1
1 firm tofu,1
1/2 quart ketchup,3
1 1 tablespoon flax seed meal or 1 tablespoon coconut flour,1
1 ounce sugar,2
1/4 cup tahini,1
1/4 cup half-and-half,1
1 cup vinaigrette,1
1/3 - 1/2 cup sugar,2
1 teaspoon berbere,1
4 zucchini,1
"2 chicken breasts , cubed",1
1 dash basil,1
1 cup lard,2
500 g beef,1
200 g jaggery,2
1 flatout wrap,1
200 g gorgonzola,1
1/16 teaspoon pepper,1
500 ml milk,1
1/4 cup wine,1
1/2 - 1 teaspoon thyme,1
1 cup ketchup,3
1 ounce tequila,1
1 teaspoon horseradish,1
1/2 teaspoon rosemary,1
1 cup cauliflower,1
1 1 ounce mozzarella cheese or 1 ounce swiss cheese,1
1/2 cup mushroom,1
1/2 teaspoon yeast,1
1/2 cup ice,1
1 cup corn,1
1 dash tequila,1
3/4 teaspoon cinnamon,1
1 pineapple,1
"1 orange , rind",1
2 teaspoons raisins,1
2 teaspoons ground coriander,2
2 quarts chicken broth,1
8 ounces frozen peas and carrots,1
"4 ounces cream cheese , cubed",1
8 ounces fish stock or 8 ounces chicken stock,1
2 cups buttermilk,1
2 cans chicken broth,1
2 tablespoons Amaretto,1
2 tablespoons garlic,1
1 1/2 cups semi-sweet chocolate chocolate chips,1
3 tablespoons palm sugar or 3 tablespoons brown sugar,2
2 lbs beef flank steak,1
"3 tablespoons butter , room temperature",2
2 ounces roma tomatoes,1
6-8 cups water,1
4 ounces porridge oats,1
8 lime wedges,1
24 sheets phyllo dough,1
4-6 pork chops,1
2 lbs eggplants,1
4 sausages,1
2 cups spaghetti sauce,1
2 tablespoons vodka,1
4 teaspoons Dijon mustard,3
1 container cream cheese with chives and onions,1
2 cups rice bubbles,1
2 tablespoons sea salt,2
1 cup raisins,1
30 ounces tomato sauce,1
4 cups vegetable stock or 4 cups water,1
7 teaspoons salt,2
2 jars tomato paste,1
8 clams,1
3 tablespoons milk,1
3 lbs baby potatoes,1
1/2 cup walnut pieces,1
3 cloves,1
butter -LRB- optional -RRB-,2
2 teaspoons relish sandwich spread or 2 teaspoons mayonnaise,1
"2 teaspoons baharat , spice",1
"2 reynolds aluminum foil , packets",1
1 package cashew nuts,1
4 egg yolks,1
1 cup sesame seeds,1
10 cups chicken stock,1
6 tablespoons cornstarch,2
30 g carrots,1
1/2 lb peas,1
2 teaspoons chicken bouillon powder,2
"8 tablespoons corn oil , for frying meat and veggies",3
3 cups chicken stock,1
100 g chocolate,1
12 flour tortillas,1
1/2 lime -LRB- cut in wedges as opt garnish -RRB-,1
8-10 cups water,1
2 lbs flour,1
tortilla chips -LRB- of course -RRB-,1
2 teaspoons kosher salt,2
8 eggs,1
2 inches cinnamon sticks,1
"2 1/4 lbs fresh tomatoes , cut into quarters",1
3 tablespoons rice flour,2
3 lbs chicken breasts,1
2 tablespoons red wine vinegar or 2 tablespoons cider vinegar,3
250 g chocolate ripple biscuits,1
1/4 cup soybeans,1
6 pork hocks,1
8 lamb chops,1
3 medium tomatoes,1
1 tablespoon molasses,1
2 cups heineken beer,1
4 ounces ground pork or 4 ounces ground beef,2
8 tablespoons peanut butter -LRB- use tablespoons -RRB-,2
2 tablespoons fennel seeds,1
110 g miniature marshmallows,1
2-3 anchovies -LRB- optional -RRB-,1
16 corn tortillas,1
2 lbs skirt steaks -LRB- or flank steak -RRB-,1
3 1/2 tablespoons Signature Secrets culinary thickener,4
1 cup instant oats,4
500 g fish fillets,1
1 tablespoon fenugreek seeds,1
8 ounces corn niblets,1
4 cups salad greens,1
4-6 cups mozzarella cheese,1
8 flour tortillas,1
1/2 teaspoon nigella seeds,1
2-3 tablespoons wine vinegar,3
6 ears corn,1
3/4 cup chow mein noodles,1
1 ounce oats,1
2 teaspoons Worcestershire sauce,1
7-8 lasagna sheets,1
2 cups whipping cream -LRB- unwhipped -RRB-,1
6 medium yukon gold potatoes,1
2 tablespoons mustard,3
1/4 cup parsley flakes,1
3-5 dashes ground cumin,2
4 tablespoons Worcestershire sauce,1
2 cloves,1
20 cans beef broth,1
1/2 cup cashews,1
1/3 cup raisins,1
2 pints water,1
2 teaspoons ginger powder,2
2 sausages,1
6 ounces caster sugar -LRB- superfine -RRB-,2
1 1/2 teaspoons sugar -LRB- optional -RRB-,2
75 g sultanas,1
2 teaspoons lime juice,1
"4 ounces butter , room temperature -LRB- plus 1 tablespoon extra -RRB-",2
12 ounces buttermilk,1
1 cup beef broth -LRB- optional -RRB-,1
lime slice -LRB- optional -RRB-,1
5 vanilla wafers,1
3 tablespoons tamarind paste or 3 tablespoons lime juice,1
2 cups cubed butternut squash,1
8-10 peppercorns -LRB- optional -RRB-,1
2 cans water,1
1 cup raisins or 1 cup currants,1
2 tablespoons ghee or 2 tablespoons oil,2
3 tablespoons maple syrup,2
175 g snow peas,1
2 ounces chicken stock,1
3 teaspoons curry powder,2
1 egg -LRB- beaten -RRB-,1
3 pinches tarragon,1
1 1/2 cups Ritz cracker crumbs,1
2 tablespoons ghee or 2 tablespoons margarine,2
1 cup dry breadcrumbs or 1 cup panko breadcrumbs,2
8 corn tortillas,1
4-6 cups water,1
2 corn -LRB- drained -RRB-,1
7 cardamom pods,1
2 medium carrots,1
2 teaspoons sea salt,2
8 ounces daikon radishes,1
"2/3 cup semisweet chocolate , pellets",1
2 teaspoons cumin powder,2
2 cups clam juice,1
2-4 tablespoons butter,2
3 cups kale,1
2 tablespoons custard powder,2
24 ounces water,1
2 lbs cubed beef stew meat,1
3 teaspoons cumin powder,2
1 medium finely dice onion,1
2 ounces oatmeal,1
1 teaspoon salt -LRB- optional -RRB-,2
"2 medium apples , wedges",1
4 teaspoons salt,2
3 cans chicken broth,1
2 teaspoons Tabasco sauce,1
3 tablespoons garlic paste,1
3 cups vegetable oil,2
3 lbs sugar,2
2 teaspoons rice vinegar,3
4 cups chicken stock,1
2 cups tomato sauce,1
1 1/2 teaspoons caraway seeds,1
3 medium eggs,1
3 1/2 tablespoons clubhouse beef steak spices,1
2 teaspoons ground paprika,2
1 lb aubergine -LRB- eggplant -RRB-,1
2 ounces carrots,1
"2 sirloin steaks or 3-4 chicken breasts , cut into 1/2 inch strips",1
5 medium carrots,1
3 mushrooms,1
4 pieces salmon,1
"1 tablespoon butter , -LRB- optional -RRB-",2
2 tablespoons cumin seeds,1
5 tortillas,1
2 teaspoons bourbon vanilla extract,2
4 hamburger buns,1
3 tablespoons sake,1
10 allspice berries,1
1/2 tablespoon pimiento -LRB- optional -RRB-,1
4 tablespoons oyster sauce,1
6 ounces salmon fillets,1
4 tablespoons oil or 4 tablespoons lard,2
2 teaspoons celery seeds,1
3 lbs beef round roast,3
2 tablespoons chili sauce,1
1 egg -LRB- optional -RRB-,1
14 ounces of corn tostadas,1
2 tablespoons cornflour,1
4 rosemary sprigs,1
4 teaspoons pumpkin pie spice,1
2-3 tablespoons curry powder,2
6 cups chicken stock,1
2 tablespoons kosher salt,2
2 cardamom pods,1
12 eggs,1
"6 chicken breasts , steaks or cutlets",1
6 corn tortillas or 6 flour tortillas,1
8 apples -LRB- approx . -RRB-,1
4 hoagie rolls,1
5 egg whites,1
3 tablespoons molasses,1
18 sheets phyllo dough,1
12-15 dates,1
5 tablespoons flour,1
5 fluid ounces milk,1
2 ounces capers,1
0.5 box vanilla wafers,1
4-6 ounces cheddar cheese -LRB- optional -RRB-,1
5 1/2 cups baby carrots,1
"1 English cucumber , cut in 1/2-inch slices and then quartered",1
1 1/2 teaspoons dried oregano,1
"2 mild Italian sausage , casings removed",1
3 1/2 lbs boneless beef chuck roast,3
4 tablespoons olive oil -LRB- that the garlic was roasted in -RRB-,3
"4 slices gingerroot , julienned",1
"4 cans minced clams with juice , reserved -LRB- figure one can per person -RRB-",3
"2-3 tablespoons dried shiitake mushrooms , soaked and diced",1
300 g baby potatoes -LRB- chats cut into wedges -RRB-,1
3 teaspoons ground black pepper,2
"1 fresh serrano chili , ribs and seeds removed , flesh minced -LRB- see note -RRB-",1
"1 lb hamburger , rolled into sm . meatballs",1
"2 teaspoons baby capers , drained , rinsed",1
1 tablespoon vegetable oil -LRB- if using chuck roast -RRB-,3
"2 packages frozen puff pastry , defrosted -LRB- sheets -RRB-",1
4 tablespoons minced fresh Italian parsley,1
3 tablespoons dried currants,1
3 tablespoons dried onion,1
4 ounces shredded monterey jack cheese or 4 ounces reduced-fat sharp cheddar cheese,1
2 tablespoons dried onion flakes,1
"17 ounces corn -LRB- canned or frozen , if using canned , do n't drain -RRB-",3
1/2 teaspoon dried thyme or 1 1/2 teaspoons chopped fresh thyme,1
4 lbs shredded pork with barbecue sauce,1
"4 slices bread , thick slice",1
1/3 cup toasted chopped walnuts -LRB- optional -RRB-,1
1 1/2 teaspoons ground black pepper,2
2 tablespoons of regular soy sauce or 2 tablespoons reduced sodium soy sauce,3
3 tablespoons olive oil -LRB- divided use -RRB-,2
"12 rhodes frozen dinner rolls , thawed to room temperature",1
1 1/2 ounces finely grated parmigiano-reggiano cheese,1
2 cups cut green beans,1
"2 teaspoons garlic , minced",1
"1 jalapenos or 1 other hot pepper , minced",1
"3 quarts vanilla ice cream , softened",1
2 tablespoons white wine or 2 tablespoons rose wine,1
"2 slices whole grain bread , crusts removed",1
"2 tablespoons roasted red peppers , from a jar , chopped or sliced",1
"2 cans ready-cut diced tomatoes , undrained",1
3 tablespoons minced white onions,1
1 1/4 cups chopped pitted dates,1
"2 cloves garlic , smashed",1
1/2 teaspoon dried chili pepper flakes,1
4-6 cups steamed jasmine rice,1
"1 garlic clove , minced -LRB- optional -RRB-",1
3 medium tomatoes -LRB- chopped -RRB-,1
3 cups granulated sugar,2
1 ounce dried porcini mushrooms,1
5 white onions -LRB- sliced thinly -RRB-,1
"1 1/2 lbs cooked maine lobsters , cut into 3/4 inch dice",1
"2 sheets puff pastry , thawed",1
1 teaspoon dried oregano leaves,1
1 cup cherry tomatoes -LRB- halved or quartered -RRB- or 1 cup grape tomatoes -LRB- halved or quartered -RRB-,1
125 g softened butter,2
"3 cups swiss cheese , shredded",1
7 dried red dates,1
2 teaspoons minced ginger or 1 teaspoon ginger paste,1
"2 tablespoons fresh basil , minced or 2 teaspoons dry basil",1
1 cup dried garbanzo beans,1
2 tablespoons minced parsley,1
"3 1/2 tablespoons finely rendered beef fat , chilled -LRB- pella -RRB-",2
"2 tablespoons fresh parsley , minced",1
1/2 cup toasted oats,1
"2 tablespoons orange zest , grated -LRB- approximate , use 1 orange -RRB-",1
1 canned tomatoes -LRB- chopped or fresh tomatoes -RRB-,3
60 g seeded raisins,1
2 1/2 tablespoons chopped pitted dates -LRB- about 4 -RRB-,1
4 ounces caciocavallo or 4 ounces smoked mozzarella cheese,3
3 3 cups chard leaves or 3 cups kale,1
"1/4 ounce crystallized ginger , cut into 16 thin slices",1
6 tablespoons crumbled reduced-fat feta cheese,1
1 teaspoon dried chives,1
2 English cucumbers -LRB- Sliced 1/4-Inch Thick -RRB-,1
"2 tablespoons honey roasted peanuts , chopped",3
5 ml garam masala,1
1 tablespoon fish sauce -LRB- nam pla -RRB-,1
1/3 cup barbecue sauce,1
1 container chicken stock,1
1/3 cup peanut butter,2
1/2 cup oat bran,1
3/4 teaspoon seasoning salt,2
3/4 teaspoon ground nutmeg,2
1 tablespoon granular sugar substitute,2
1 cup pineapple juice,1
1 cup parmigiano-reggiano cheese,1
1/2 cup icing sugar,2
40 ml soy sauce,3
1/4 cup sherry wine vinegar,3
1 teaspoon celery seed,1
1 tablespoon coconut oil,1
1 teaspoon icing sugar,2
500 g pork tenderloin,1
1/3 cup freshly ground parmesan cheese,2
"1 pinch salt , pepper , ground nutmeg",2
1 package fajita seasoning mix,1
1/4 cup superfine sugar,2
"1 tablespoon maggi seasoning , sauce",1
180 ml chicken stock,1
1/8 teaspoon celery seed,1
500 ml coconut milk,1
"1/2 teaspoon ginger , ground",2
1/2 cup flax seed,1
3/4 lb ground pork,2
1 dash turmeric powder,2
375 g beef liver,1
1 tablespoon chili sauce,1
1 lb pappardelle pasta,1
"1/4 teaspoon pepper , freshly ground",2
1/8 teaspoon chili powder,2
"1/2 cup cracker crumb , snack",1
300 ml chicken stock,1
1/2 cup isopropyl alcohol,1
1/2 teaspoon ground mustard,3
1 cup dark rum,1
1 package Knorr vegetable soup mix,1
1/4 cup tarragon vinegar,3
1 lb ground turkey,2
"1/2 cup cacao , powder",2
1/2 teaspoon anise oil,1
1/2 inch cinnamon stick,1
1 tablespoon soy sauce -LRB- low sodium -RRB-,3
1/2 teaspoon chocolate liqueur,1
1 slice swiss cheese,1
1/4 cup cocoa powder,2
1/2 cup vanilla yogurt,1
1/2 cup tapioca flour,1
1/4 teaspoon ground pepper,2
3/4 fluid ounce chartreuse liqueur,1
1/2 teaspoon coriander powder,2
"1 teaspoon allspice , ground",2
1/4 teaspoon celery seed,1
8 g vanilla sugar,2
1/4 cup cheddar cheese,1
40 g best-quality cocoa,1
1-2 teaspoon ground cumin,2
1/2 cup pearl tapioca,1
1 cup creme fraiche,1
1-2 tablespoon stone ground mustard,3
3/4 teaspoon garlic salt,2
"1 cup butter , not margarine",2
1 tablespoon lime juice -LRB- sour base -RRB-,1
1/2 teaspoon cardamom powder,2
1 scoop ice cream,1
1/8 teaspoon lemon juice,1
1 teaspoon chicken bouillon,1
3/4 cup lemon juice,1
"1 teaspoon pepper , coarsely ground",2
1 cup mozzarella cheese -LRB- Shredded -RRB-,1
1/2 cup nonfat milk,1
1/2 ounce fennel seed,1
1/4 teaspoon garam masala,1
1 teaspoon beef bouillon powder,2
1/2 cup part-skim mozzarella cheese -LRB- shredded -RRB-,1
1/2 cup light mozzarella cheese,1
1/2 cup ice cream,1
1 ounce orange juice,1
1/4 cup coconut cream,1
1/4 cup fish sauce,1
1/4 teaspoon garlic salt,2
3/4 cup semolina flour,1
1 cup vegetable stock -LRB- or chicken -RRB-,1
1/4 cup peanut oil -LRB- for frying -RRB-,3
1 tablespoon chili oil,1
250 ml tomato passata,1
1/2 cup barbecue sauce,1
1/2 teaspoon meat tenderizer,1
570 ml chicken stock,1
135 ml soy sauce,3
1/4 cup mint leaf -LRB- pudina -RRB-,1
1 cup Clamato juice,1
1 tablespoon oyster sauce,1
1 medium garlic clove,1
1 jar chili sauce,1
3/4 cup light mayonnaise,1
1 can minute maid lemonade,3
3/4 lb chicken breast,1
1/2 tablespoon chili powder,2
1/4 cup orange juice,1
1 tablespoon turmeric powder,2
1/4 cup ketjap manis -LRB- Indonesian soy sauce -RRB-,3
1 dash garlic powder,2
1/4 cup carrot juice,1
1/2 teaspoon ground fenugreek,2
1/2 teaspoon ground thyme,2
130 g tahini -LRB- sesame paste -RRB-,1
1/4 cup lard -LRB- pork fat -RRB-,2
100 g baby rocket,1
1 teaspoon coconut oil,1
1 pinch salt -LRB- big pinch -RRB-,2
3/4 cup nonfat milk,1
150 g creme fraiche,1
1 tablespoon sherry wine vinegar,3
1-2 tablespoon orange juice,1
"1 goat cheese , round",1
1/2 cup raspberry jam,3
125 ml chicken stock,1
1 package capellini -LRB- angel hair pasta -RRB-,1
50 ml port wine,1
1/8 teaspoon garlic powder,2
1 tablespoon teriyaki sauce,1
1 lb penne rigate,1
"1/2 cup butter , room temp",2
"1 bell pepper , chopped , any color",4
1 head iceberg lettuce,1
1/2 cup turbinado sugar,2
"1/2 lb baby corn -LRB- drained , halved -RRB-",1
1 quart dark rum,1
"1 teaspoon sambal oelek -LRB- or more , chili paste -RRB-",1
1 tablespoon onion powder,2
1/4 cup apple cider vinegar,3
1 teaspoon carom seeds or 1 teaspoon ajwain,1
"2 cups chanterelle mushrooms , and",1
1/4 cup chinese rice wine or 1/4 cup sherry wine,1
"2 jalapenos , Seeded & Sliced",1
6-8 cups cheese -LRB- cheddar & montery jack -RRB-,1
1 cup white rice -LRB- short or medium grain preferred -RRB-,1
4 cups and 1 tbs chicken broth,1
1/2 lb turnips or 1/2 lb rutabaga,1
butter or oil -LRB- for frying -RRB-,3
1/4 cup low sodium chicken broth or 1/4 cup water,1
1 cup corn kernel -LRB- frozen or canned -RRB-,3
1-2 tablespoon milk or 1-2 tablespoon light cream,1
400 g fusilli -LRB- Spirals or Twists -RRB-,1
1 1/2 cups beef gravy -LRB- can or jar -RRB-,3
"1 cup peanuts , shelled , dry and roasted , chopped -LRB- or 1/2 cup peanut butter -RRB-",2
lard or oil,2
1 lb pollock fillets or 1 lb haddock fillet,1
"1 cup shredded monterey jack cheese , and -LRB- Mexican farmer cheese , 4 oz . -RRB- or 1 cup queso fresco -LRB- Mexican farmer cheese , 4 oz . -RRB-",1
freshly ground salt & pepper,2
"4 hot dog buns , <a href=""https://www.geniuskitchen.com/recipe/hamburger-or-hot-dog-buns-318739""> Hamburger or Hot Dog Buns </a>",1
"tomatoes , slices and",1
1 tablespoon margarine or 1 tablespoon butter,2
1/4 cup butter -LRB- olive oil or ghee or samneh -RRB-,2
1/4 cup salsa -LRB- medium or hot -RRB-,1
3/4 lb cremini mushrooms or 3/4 lb portabella mushroom,1
1/4 cup brandy -LRB- Pisco or similar -RRB-,1
1/4 cup sherry wine -LRB- dry or sweet -RRB-,2
"2 limes , juice and zest of",1
1/2 cup canola oil or 1/2 cup melted coconut oil,2
1/2 cup butter or 1/2 cup shortening,2
1/4 cup mascarpone cheese or 1/4 cup heavy cream,1
chicken or pork roast,3
1 dash salt and pepper,2
3/4 cup butter or 3/4 cup margarine,2
1 dried New Mexico chile -LRB- seeded and cut into 1/4 inch or smaller pieces -RRB-,1
1/4 cup minced mushroom,1
"7 large garlic cloves , minced",1
handful fairtrade brazil nut -LRB- toasted & chopped -RRB-,1
1 kg minced beef,1
"2 serrano chili peppers , seeded and chopped",1
"1 cup shallot , minced",1
1 teaspoon grated orange rind,1
"1 small chili , seeded and finely chopped",1
"1 orange rind , grated",1
"1 lb white button mushrooms , quartered",1
"1 1/2 flank steaks , trimmed",1
"1/4 cup fresh oregano , minced",1
1/4 cup minced fresh parsley,1
"1 lb cooked rock lobster meat , shredded",1
1 tablespoon dried dill or 1/4 ounce fresh dill -LRB- 5 sprigs -RRB-,1
1 tablespoon minced ginger,1
1/2 cup fennel -LRB- sliced or diced -RRB-,1
"2 small butternut squash , halved , lengthwise , seeded -LRB- about 1 lb each -RRB-",1
1/2 cup shredded mozzarella cheese,1
1/2 cup finely shredded carrot,1
1/4 teaspoon dried tarragon,1
"1 lb butter , softened",2
1/4 cup snipped fresh parsley,1
1/3 cup chopped dried apricot,1
500 g mixed dried fruit,1
1 cup all-purpose flour -LRB- I used self-raising flour -RRB-,1
"1 small onion , minced",1
1/2 teaspoon grated fresh gingerroot -LRB- optional -RRB-,1
1 lb beef chuck steak -LRB- cut into 0.5 in . cubes -RRB-,1
1 cup chopped red bell pepper,1
"1/2 teaspoon dried thyme , crushed",1
"1/2 head lettuce , shredded",1
1 cup pitted kalamata olive,1
2/3 cup shredded part-skim mozzarella cheese,1
"1 ounce parmesan cheese , grated",1
"1 vanilla bean , split and scraped -LRB- preferably Tahitian -RRB-",1
1/3 cup minced onion,1
"1 teaspoon lemon zest , dried",1
1/4 cup minced garlic,1
"2-4 garlic cloves , minced -LRB- depending on taste -RRB-",1
"1 tablespoon ginger , grated fresh",1
"1 package refrigerated angel hair pasta , uncooked",1
"2/3 cup horseradish , grated",1
"1/4 cup fresh cilantro , snipped",1
1 teaspoon minced red onion,1
"2 Thai chiles , seeded and minced",1
"3/4 lb feta cheese , crumbled",1
minced red onion,1
1 tablespoon garlic -LRB- minced -RRB-,1
"1/2 jalapeno , minced",1
"3 hard-boiled eggs , quartered",1
"1/4 cup basil leaves , shredded",1
1/8 teaspoon crumbled saffron thread,1
16 large scallops -LRB- rinsed and dried -RRB-,1
1/2 teaspoon dried tarragon,1
"1-2 clove garlic , minced",1
"1 tablespoon unsweetened coconut , toasted",1
"6 whole wheat tortillas , warmed",1
"2 chicken livers , minced",1
1/2 cup shredded red cabbage,1
chopped cilantro -LRB- to garnish -RRB-,1
1 tablespoon freshly grated ginger,1
1 tablespoon minced flat leaf parsley or 1 tablespoon minced cilantro,1
1/4 cup chopped candied pineapple,1
"1/2 medium carrot , grated",1
1/8 teaspoon minced garlic,1
"1 cup feta cheese , crumbled",1
"6 garlic cloves , minced",1
"5 garlic cloves , minced",1
"1/2 cup pine nuts , toasted",1
1/8 teaspoon dried oregano,1
1 clove garlic -LRB- minced -RRB-,1
"1/2 large onion , finely minced",1
"1 lb apricot , halved and pitted",1
"1 kg cleaned crawfish -LRB- red claw , marron , yabbies , including any big claws -RRB-",1
125 ml evaporated milk,1
"1/4 cup parmesan cheese , grated",1
"1 1/2 kg chicken , segmented",1
"1 small onion , chopped fine",1
"1/2 bbq chicken , shredded",1
"1/2 inch piece gingerroot , grated",1
"3/4 lb baby red potato , washed , quartered",1
"1 medium yellow sweet pepper , seeded and chopped small",1
"16 sugar snap peas , trimmed",2
1/2 cup salsa -LRB- I used medium heat salsa -RRB-,1
"1 red pepper , julienned",1
"1 lb chicken wings , disjointed and tips removed",1
"1 package pitted frozen cherries , thawed",1
1/2 cup shredded part-skim mozzarella cheese,1
"1/3 cup parmesan cheese , grated",1
"freshly grated parmigiano-reggiano cheese , at the table",1
1 tablespoon granulated garlic powder,2
1/2 cup parmesan cheese -LRB- grated -RRB-,1
1/2 cup toasted sesame oil,2
"1/3 cup lowfat mozzarella cheese , shredded",1
"1 small carrot , grated",1
1/4 cup dried apricot -LRB- very finely chopped -RRB-,1
"125 g butter , softened",2
"1/2 cup monterey jack cheese , grated",1
"1 tablespoon garlic clove , minced",1
1/2 teaspoon dried sage,1
1/4 cup minced white onion,1
"2 canned chipotle chiles , minced",3
"4 carrots , quartered",1
1 tablespoon fresh sage -LRB- finely chopped -RRB-,1
1 cup grated swiss cheese,1
"1/2 bunch cilantro , chopped fine",1
"1/3 cup romano cheese , coarsely grated",1
"1 regular zucchini , julienned",1
1 cup shredded coconut,1
"1/2 cup almonds , coarsely chopped , use the salted and roasted kind",3
1/2 tablespoon dried thyme,1
1 teaspoon grated lime zest,1
"1/4 cup pine nuts , toasted -LRB- chopped Pecans work too -RRB-",1
1 teaspoon dried rosemary,1
1 teaspoon dried sage,1
1 cup crumbled feta cheese,1
1 tablespoon grated palm sugar,2
"1 small finely chopped jalapeno , deseeded",1
"1/2 cup swiss cheese , -- shredded",1
"1 cup ginger , shredded",1
1/2 teaspoon grated nutmeg,1
2 tablespoons hot chili oil,1
6 boneless skinless chicken breast halves,1
3-4 tablespoons all-purpose flour,1
4 cups brown stock or 4 cups canned beef broth,3
4 tablespoons dry white wine -LRB- optional -RRB-,2
2 teaspoons white sugar -LRB- optional -RRB-,2
4 ounces unsweetened chocolate squares,1
6 boneless skinless chicken thighs,1
30 ounces part-skim ricotta cheese,1
"16 ounces frozen corn on the cob , nibblers",1
"3 bananas , overly ripe",1
"2 slices white bread , 3/4 inch thick",1
2 tablespoons melted butter,2
32 ounces seasoned French fries,1
2 tablespoons seasoned rice vinegar,3
8 whole grain tortillas,1
1 large onions or 2 medium onions,1
15-20 black olives,1
crushed corn chips,1
2 teaspoons unseasoned rice vinegar,3
2 tablespoons prepared horseradish -LRB- we like hot creamed -RRB-,1
"6 cups chicken broth , low-sodium -LRB- or veggie broth ! -RRB-",1
2 tablespoons dry white wine or 2 tablespoons water,2
2 cups sour cream,1
"2 lbs tomatoes , diced",1
3 cups small diced celery,1
1/2 small chicken breast -LRB- optional -RRB-,1
2 tablespoons fresh dill,1
16 ounces plain yogurt,1
"6 ounces Spanish onions , large dice",1
6 ounces canned diced green chiles,3
6 black peppercorns,1
2 fresh mint sprigs -LRB- for garnish -RRB-,1
3 cups whole milk,1
2-3 hard-boiled eggs,1
16 ounces sour cream,1
6 tablespoons creamy peanut butter,2
"16 sheets phyllo pastry dough , sheets",1
4 cups white pea beans -LRB- navy beans -RRB-,1
1 1/4 cups miniature butterscotch chips,1
"3 lbs thick meaty country style pork ribs , pork butt or 3 lbs pork shoulder",1
3 lbs of live mussels,1
24 tablespoons soy sauce,3
"2 tablespoons szechwan pepper , ground",2
4 tablespoons soy sauce,3
2 slices American cheese,1
"2-3 baby bok choy , quartered lengthways",1
14 sheets phyllo pastry sheets,1
6 slices processed cheese,3
9 ounces plain flour,1
seasoned bread crumbs,1
"1 cup avocado , diced -LRB- hass -RRB-",1
15 ounces organic tomato sauce,1
3 drops sesame oil,2
15 ounces sweet peas,1
2 1/2 cups cold heavy cream,1
24 green asparagus,1
5 teaspoons olive oil,2
8 ounces semi-sweet chocolate chips,1
2-3 large celery ribs,1
"3 lbs boneless beef round steak , cut into serving-size pieces",1
1/8 teaspoon red pepper flakes,1
2 lbs rigatoni pasta,1
1 package wide egg noodles,1
"1 cup green pepper , chunks",1
1/2 teaspoon ground red pepper -LRB- cayenne -RRB-,2
3 large egg whites,1
2 tablespoons dry buttermilk,2
"2 cloves garlic , crushed",1
"3 carrots , diced",1
2 tablespoons hot black bean sauce,1
6 cups regular yogurt,1
"1 1/2 cups spaghetti , Broken -LRB- uncooked -RRB-",1
3 whole cloves,1
4 ripe tomatoes,1
2 green peppers,1
"8 slices French bread , 3/4 thick",1
6-8 ounces parmigiano-reggiano cheese,1
3 large onions,1
"2 lbs stewing beef , cut into 1/2-inch cubes",1
8 boneless skinless chicken breast halves,1
olive oil -LRB- optional -RRB-,2
5 tablespoons olive oil,2
14 ounces wide egg noodles,1
2 white pita breads,1
"black pepper , lots",1
10 black olives,1
3/4 cup fresh blueberries,1
1 lb dry wheat noodles,2
4 ounces mexican chocolate,1
2 tablespoons red curry paste,1
2 tablespoons mild indian curry powder,2
2 tablespoons irish cream,1
2 tablespoons unseasoned rice vinegar,3
4 quarts whole milk,1
1 tablespoon semi-sweet chocolate chips,1
2 tablespoons rosemary,1
3 tablespoons soft brown sugar,2
6 tablespoons fresh cilantro,1
24 whole cloves,1
4 sprigs fresh rosemary -LRB- very small -RRB-,1
2 cups white sugar,2
3 cups thick yogurt,1
"3 cloves garlic , crushed",1
8 large eggs,1
16 1/3 ounces pillsbury grands homestyle original biscuits,1
3 ounces goat cheese -LRB- preferably `` fresh young '' -RRB-,1
2 1/2 cups dry chickpeas,2
1 1/2 cups semi-sweet chocolate chips,1
2 cans mexican recipe stewed tomatoes,1
"2 small sweet potatoes , diced into 1 inch cubes -LRB- about 3 pounds -RRB-",1
2 tablespoons asian peanut oil,1
2 tablespoons fresh breadcrumbs,1
4 green onions,1
4-5 green onions,1
1 1/2 lbs boneless skinless chicken thighs,1
4-8 slices mozzarella cheese or 4-8 slices provolone cheese,1
"9 slices Texas toast thick bread or 1 French baguette , sliced in 1-inch thick pieces",1
3 1/4 lbs country-style pork ribs -LRB- bone-in -RRB-,1
"4 ounces pepperoni , cut into 1/4-inch pieces",1
2 tablespoons garlic powder -LRB- or minced garlic -RRB-,2
1 1/2 cups cold water -LRB- or cold coffee -RRB-,1
4 teaspoons english mustard paste,3
10 ounces fresh spinach,1
2 inches gingerroot -LRB- skin peeled -RRB-,1
1 1/2 cups fat free chicken broth,1
20 warm flour tortillas,1
"1 cup red seedless grapes , halved -LRB- plus 4 small clusters for garnish -RRB-",1
8 ounces monterey jack pepper cheese,1
3 boneless skinless chicken breasts,1
2 packages dry yeast,2
1/4 cup whole wheat fesh breadcrumbs,1
4 slices red onions,1
3/4 cup all - fruit pineapple preserves,1
2 tablespoons garam masala,1
6 tablespoons dark old Dutch-processed cocoa powder,2
2 large white onions,1
1 lb frozen cut green beans,1
1 small tomatoes,1
2 teaspoons balsamic vinegar,3
3 lbs russet potatoes or 3 lbs yukon gold potatoes,1
2 teaspoons dry active yeast,2
1 cup diced tomatoes,1
14 ounces coconut milk,1
2 red bell peppers,1
1/4 cup plain breadcrumbs,1
4 lbs fresh tomatoes,1
1 tablespoon white poppy seeds,1
6 large egg yolks,1
2 cans coconut milk,1
"2 1/2 lbs chicken legs -LRB- or you could use assorted pieces , bone-in -RRB-",1
10 black peppercorns,1
6 tablespoons soy sauce,3
"3 ml white peppercorns , slightly crushed in a mortar",1
"2 large carrots , thinly sliced",1
"1 cup cauliflower , thinly sliced",1
"8 scallions , finely chopped",1
1/2 cup finely chopped scallion top,1
"1 medium tomatoes , thinly sliced",1
"1/4 cup red capsicum , finely chopped",1
"1 medium onion , roughly chopped",1
1 tablespoon mild molasses -LRB- I just used regular -RRB-,1
"6 large carrots , thinly sliced",1
"4 radishes , thinly sliced",1
1 teaspoon finely chopped thyme,1
3 cups thinly sliced napa cabbage,1
"1 tablespoon fresh green onion , finely chopped -LRB- optional -RRB-",1
"3 eggs , lightly beaten",1
"3 eggs , room temperature , slightly beaten",1
"1 large sweet potato , peeled , thinly sliced",1
"4 green onions , thinly sliced",1
"1/3 cup pineapple , fresh , thinly sliced",1
"3/4 teaspoon hot pepper , finely chopped",1
"180 g zucchini , sliced diagonally",1
2 tablespoons of finely minced fresh parsley,1
"1 small onion , completely chopped",1
1/2 cup finely chopped green bell pepper,1
2 tablespoons finely chopped cilantro,1
"3-4 garlic cloves , chopped loosely",1
"1 ripe tomatoes , finely chopped",1
1/4 cup coarsely chopped flat leaf parsley,1
"1/3 cup lemon juice , freshly squeezed",1
"3 shallots , finely sliced",1
"8 . 4 garlic cloves , thinly sliced",1
1 tablespoon freshly grated fresh lemon rind,1
"14 ounces artichokes , chopped",1
"3 garlic cloves , finely chopped",1
"1 large sweet onion , sliced thinly",1
"2 kirby cucumbers , halved lenghtwise , then thinly sliced diagonally",1
"black pepper , freshly ground",2
"1 cucumber , roughly chopped",1
"1 tablespoon fresh oregano , roughly chopped",1
"6 ounces coffee , freshly brewed",1
"4 celery ribs , with leafy tops thinly sliced crosswise",1
1/2 coarsely chopped carrot,1
1-2 tablespoon finely chopped fresh chives,1
"2-3 tablespoons orange juice , freshly squeezed",1
"1/2 medium onion , finely sliced",1
3 cups coarsely chopped cooked chicken,1
"2 tablespoons onions , finely chopped",1
"1 red onion , finely chopped",1
"1 poblano pepper , thinly sliced",1
"1 cabbage , thinly sliced",1
"1 teaspoon ginger , finely sliced",1
"1/3 cup thinly sliced basil , divided",1
"10 basil leaves , roughly torn",1
"4 large fresh peaches , washed , peeled and chopped roughly",1
"1 lb baby bok choy , washed and coarsely chopped in large pieces",1
"2 shallots or 1 small onion , finely chopped",1
2 cups sliced dried smoked sausage -LRB- can use more or less -RRB-,3
"4 garlic cloves , finely chopped and divided in half",1
"4 ounces butter , melted and cooled",2
"2 tomatoes , seeded and roughly chopped or",1
"1 garlic clove , minced or pressed",2
2-3 cups cooked chicken -LRB- cubed or shredded -RRB-,1
"12 shallots , trimmed and halved",1
"4 garlic cloves , peeled and thinly sliced",1
"2 avocados , peeled and diced",1
"1 carrot , peeled and diced",1
"1 organic butternut squash , peeled and seeded -LRB- cut into 3/4 by 2 1/2 - inch wedges -RRB-",1
"2 cans cannellini beans , rinsed and drained",1
"6 russet potatoes , peeled and cubed",1
"1 can diced tomatoes , drained and patted dry",3
"2 tablespoons green chilies , finely chopped & drained",1
"1 small jicama , peeled and diced",1
"1 fresh figs or jar figs , whole and drained",1
"1 mango , peeled and sliced",1
"1/4 cup green olives or 1/4 cup kalamata olive , sliced",1
"3 tablespoons capers , drained and rinsed",1
"16 ounces Velveeta cheese , grated , and divided",1
"3 tablespoons ginger , peeled and finely chopped",1
"1 carrot , peeled and chopped",1
"1 small onion , peeled & finely chopped",1
"3-4 baking potatoes , washed , peeled and quatered into big chunks",3
"1 cucumber , peeled and grated",1
"1 egg , beaten and divided",1
"1 can tomatoes , chopped & drained",3
"14 ounces stewed tomatoes , diced and well drained",1
"4 potatoes , peeled and sliced",1
"1/2 cup canned black beans , drained and rinsed",3
"1 large red onion , peeled and julienned",1
"1 avocado , peeled and sliced",1
"2 mangoes , peeled and diced",1
"1 cup sweet pepper , red and yellow , chopped",1
"1 package rotini pasta , cooked and drained",1
"1 1/2 lbs red potatoes , peeled and cubed",1
"4 tablespoons parmesan cheese , grated and divided",1
1 dash black pepper,1
1/4 cup unsweetened pineapple juice,1
1/2 teaspoon ammonium chloride -LRB- sal ammoniac -RRB-,1
1 cup canned pumpkin,3
1 minced garlic clove,1
1/4 cup powdered sugar,2
1/4 cup melted butter,2
3/4 cup self-raising flour,1
300 g plain flour,1
1 glass small medium sherry,1
1/4 cup diced roma tomato,1
1/2 cup oil -LRB- not olive oil -RRB-,2
"2 fresh tomatoes -LRB- large , sliced -RRB-",1
1 envelope dry onion soup mix,2
"1/2 cup grape tomatoes , cut up small",1
1/2 cup frozen corn,1
1/3 cup fat-free reduced-sodium beef broth,1
3/4 ounce irish cream,1
3/4 cup dark brown sugar,2
1/2 teaspoon fresh ground pepper,2
1 tablespoon good vanilla,1
1/2 cup brown rice,1
1 tablespoon dry sherry,2
1 fresh lime,1
1/2 cup gluten-free hoisin sauce,1
1 cup uncooked basmati rice,1
2 frozen spinach,1
1/8 liter white wine,1
1 medium ripe avocado,1
1 container sour cream,1
1 lb ricotta cheese,1
1/2 cup fresh-squeezed lemon juice,1
1/2 cup reduced-fat peanut butter,2
"285 g tofu , diced",1
1 teaspoon Thai sweet chili sauce or 1 teaspoon sambal oelek chili paste,1
1 cup spicy Dijon mustard,3
1 bunch fresh coriander,1
1 cup white pearl onion,1
"2 tomatoes , diced",1
6 whole star anise,1
1/4 cup brown sugar,2
1/2 ounce triple sec,1
2/3 cup yellow cornmeal,1
1/2 cup sweet chili sauce,1
"6 eggs , separated",1
"1 cup celery , diced",1
1/2 cup whole wheat flour,2
1/3 cup white vinegar,3
1 large bermuda onion,1
1 tablespoon whole garam masala,1
3-4 whole allspice,1
1 teaspoon Chinese five spice powder,2
1/3 cup diced tomato,1
1/4 cup diced celery,1
300 g minced chicken,1
1/3 cup plain yogurt,1
1/4 cup extra-virgin olive oil,2
"3/4 teaspoon parsley , fresh",1
1/4 cup light olive oil,2
"3 mangoes , ripe",1
1 package premade puff pastry,1
1/2 cup cold water,1
1/4 cup ricotta cheese,1
3/4 3/4 cup brown sugar or 3/4 cup white sugar,2
1 large carrot,1
3/4 cup unsweetened coconut milk,1
1/2 cup fresh breadcrumb,1
1 teaspoon fresh lemon juice,1
"1 fuji apple , cored , diced",1
1/2 teaspoon seasoned rice vinegar,3
1/2 cup natural yoghurt or 1/2 cup Greek yogurt,1
1 cup balsamic vinegar,3
1/3 cup seedless raisin,1
1 jar chunky spaghetti sauce,1
1/4 ripe avocado,1
1/2 teaspoon olive oil,2
1 1/4 all-purpose flour,1
1 diced tomato,1
1 tablespoon sweet paprika,1
"1/2 cup mayonnaise , best food",1
"1 lemon , juice of , whole",1
1-2 teaspoon sweet chili sauce,1
1/2 cup extra virgin olive oil or 1/2 cup sunflower oil,2
125 g unsalted butter,2
1/2 cup whipped cream,1
"4 garlic cloves , diced",1
"1/2 cup water , Cold",1
1/2 teaspoon dry mustard,3
1 piece fresh ginger,1
1 teaspoon fresh thyme,1
1 teaspoon fresh lime juice,1
"1 tablespoon lemon juice , freshly-squeezed",1
"2 celery ribs , diced",1
"1 tablespoon unsalted butter , room temperature",2
"1/2 cup beef broth , lower sodium",1
1/4 cup whole wheat flour,2
1/2 cup softened butter,2
"4 pork chops , cut 1/4 th inch thick",1
1 piece white bread,1
1 cup Greek yogurt,1
1/4 cup low sodium chicken broth,1
1 teaspoon yellow curry powder,2
1 cup lukewarm water,1
"1/3 cup unsweetened cocoa , preferably dutch process",1
1 teaspoon all-purpose flour -LRB- optional -RRB-,1
1 lb extra lean ground chicken breast,2
1 tablespoon dijon-style mustard,3
1/8 teaspoon white pepper,1
200 g long grain rice,1
1/2 sweet onion,1
1-2 tablespoon sour cream,1
1/2 cup white wine -LRB- optional -RRB-,1
1 cup leftover ham,1
"1 mango , diced 1/2 inch",1
1/2 teaspoon white pepper,1
1/4 teaspoon powdered turmeric,2
1/2 pint sour cream,1
"2 celery ribs , finely diced",1
1/2 gallon hot water,1
1/2 teaspoon balsamic vinegar,3
1/4 cup white onion,1
1/4 cup reduced-fat mayonnaise,1
1 12-inch pizza crust,1
125 g plain flour -LRB- wholemeal - 3/4 cup -RRB-,1
"1/4 cup unsalted butter , room temperature",2
1 tablespoon hot sauce,1
1 teaspoon balsamic vinegar,3
1/2 cup red currant jelly,3
1/4 cup sweet corn,1
1/4 teaspoon italian seasoning,1
1 green bell pepper,1
1/2 cup uncooked ziti pasta,1
210 g unsalted butter,2
1/4 cup green pepper,1
1 cup sour cream or 1 cup whole fat yogurt,1
1 tablespoon vanilla-flavored syrup,1
1/2 cup chopped fresh parsley,1
fresh cracked pepper,1
"1/4 cup fresh celery , chopped",1
1/2 cup pimento stuffed olive,1
"1 cup basmati rice , long grain , cooked",1
"1/4 lb pit-less kalamata olive , halved",1
"50 g all-purpose flour , sifted",2
"1/2 cup fresh cilantro , chopped",1
1 cup chopped green pepper,1
"1/3 cup green onion , chopped",1
1 lb peeled deveined shrimp,1
"4 large veal escalopes , pounded thin",1
"1/4 cup unsalted butter , melted",2
"100 g roasted red capsicums , sliced -LRB- can use bottled roast capsicums -RRB-",3
"1 lb pork tenderloin , sliced 1/4-inch thick",1
1/4 cup sweetened whipped cream,3
"4 large spring onions , chopped",1
"6 green onions , sliced",1
"1/4 cup green onion , sliced",1
"1/3 cup sun-dried tomato , chopped -LRB- not in oil -RRB-",3
"1/4 cup sliced ripe olives , chopped",1
"1 pint cherry tomatoes , sliced in half",1
1 cup chopped fresh cilantro,1
"fresh basil , torn",1
"2 medium green onions , sliced",1
"4 large eggs , separated",1
"1/4 cup Italian parsley , rough chopped",1
1 cup sifted powdered sugar,2
"minced fresh parsley , for garnish",1
1 tablespoon chopped fresh flat-leaf Italian parsley,1
"4 medium potatoes , sliced thin",1
"1/2 cup dried yellow tomatoes , chopped -LRB- or other dried tomatoes -RRB-",1
"1/4 cup red bell pepper , sliced",1
1 tablespoon chopped fresh parsley -LRB- optional -RRB-,1
"1 large sweet green pepper , chopped",1
"1/2 cup black beans , drained",1
"3 1/2 fine quality bittersweet chocolate , chopped -LRB- use only bittersweet -RRB-",1
"1/2 lb fresh mushrooms , sliced",1
"1 red Thai chile , sliced paper-thin",1
"8 fresh mint leaves , torn",1
"1 package sliced pepperoni , optional",1
"1/2 cup pimento-stuffed green olives , roughly chopped",1
"unsalted butter , melted",2
1 package frozen chopped broccoli,1
lettuce leaf,1
vegetable oil -LRB- for deepfrying -RRB-,2
mozzarella cheese,1
"1 cup gluten-free flour -LRB- mine is a pre-bought mix of garbanzo bean flour , potato starch , tapioca flour , white sorghum flour , -RRB-",2
mayonnaise,1
garlic salt,2
chicken broth,1
lemon juice,1
shallot salt,2
beef stock,1
strawberry,1
garlic,1
coriander,1
milk -LRB- to taste -RRB-,1
almond essence,1
paraffin wax,1
sofrito sauce,1
icing sugar,2
spaghetti sauce,1
cheddar cheese,1
banana,1
heavy duty aluminum foil,1
sour cream -LRB- for garnishing -RRB-,1
lemon juice -LRB- optional -RRB-,1
lemon curd,1
iceberg lettuce,1
celery salt,2
olive oil -LRB- for saute -RRB-,2
caramel sauce,1
1/2 cup canned pumpkin puree -LRB- not pumpkin pie filling -RRB-,3
cornstarch paste,2
"1 teaspoon garam masala -LRB- powder of cinnamon , black pepper , cloves , bayleaf ground together -RRB-",2
ice water,1
caster sugar,2
"8 ounces flank steaks , sliced against the grain into 1/4-inch thick slices",1
"4 wooden skewers , soaked in water",1
2 1/2 tablespoons vegetable oil -LRB- or any bland oil that has a high smoke point -RRB-,3
3 tablespoons chili paste with garlic,1
1/4 kg ground beef liver -LRB- or liver spread -RRB-,2
"1/2 - 1 head fennel , cut into thin wedges",1
"fresh cilantro -LRB- to taste , for garnish -RRB-",1
"1 stalk lemongrass , cut in 1-inch pieces",1
"4 large eggs , at room temperature",1
"unsalted butter , for the griddle",2
"2 boneless skinless chicken breasts , cut into 1-inch squares -LRB- about 3/4 lb . -RRB-",1
"1 lb boneless pork sirloin , cut in 1 inch cubes",1
1 chipotle chile pepper in adobo sauce,1
1 teaspoon garlic powder -LRB- or crushed cloves -RRB-,2
"800 g pak choi , cut into 2 cm length -LRB- or some may call `` Bak Coy '' -RRB-",1
extra egg -LRB- s -RRB- for egg wash,1
"4 scallions , cut into 3 pieces",1
"450 g chicken , cut into pieces",1
"1 small head of cabbage , cut into 6 wedges -LRB- about 2 pounds -RRB-",1
"salt -LRB- optional , if using use sparingly at first -RRB-",2
1/2 cup lemon juice -LRB- or lime juice -RRB-,1
"mixed salad green , for 4 people",1
1 head bibb lettuce -LRB- or Boston lettuce -RRB-,1
"1 head dill , per jar -LRB- or 1/2 tsp. dill weed -RRB-",1
2 tablespoons dark rum -LRB- or 4 Tbsp rum extract -RRB-,2
"2 fresh chorizo sausages , cut into 1 cm thick slices",1
"2 green onions , cut into small pieces about 1/2 inch",1
1 tablespoon honey -LRB- maple syrup if not available -RRB-,2
"2 tablespoons water , about",1
"1 lb unpeeled Japanese eggplant , cut into 1/2-inch-wide rounds",1
"1 Italian bread , cut into 1-inch pieces -LRB- or French Bread -RRB-",1
"1 lime , zest of , 4-5 strips of lime zest",1
"2 tablespoons of chicken maggi seasoning , instant bouillon",4
1 tablespoon red pepper flakes -LRB- to taste -RRB-,1
1 loaf of crusty French bread,1
2 cups cooked rice -LRB- cook 1 c dry rice with 2 c water for a 2 c rice yield -RRB-,1
"1 lb top round beef , thinly sliced on the bias into pieces 1 inch , wide by 2 1/2 inches , long",1
"pickled onion , available on vegetable aisle",3
"1 carrot , cut in pieces",1
"2 jalapeno peppers , roughly chopped -LRB- remove seeds if you do n't like heat ! -RRB-",1
"1 egg white , for egg wash",1
"1 grated orange , rind of",1
"2 cups flour , mixture -LRB- made with the salt , pepper , garlic powder and flour . -RRB-",2
1 1/2 cups cream of wheat,1
"1/2 medium red bell pepper , cut in 1-inch chunks",1
"700 g thick firm white fish fillets , cut into 1 inch cubes -LRB- such as monkfish or cod -RRB-",1
"3 broccoli , cut into florets",1
2 cans condensed cream of chicken soup -LRB- no water added -RRB-,1
3 tablespoons rice vinegar -LRB- or substitute white vinegar -RRB-,3
"1-2 lime , juice of",1
"1 package frozen quartered artichoke hearts , thawed , drained , and cut in half -LRB- I use a tin of artichoke 10 oz and drained it . -RRB-",1
2 tablespoons asafoetida powder -LRB- commonly called as ` hing ' in Hindi -RRB-,2
1 teaspoon of fresh mint,1
"2 apples , peeled",1
"6 kaffir lime leaves , torn",1
"1 clove garlic , crushed",1
1-2 cup chopped parsley,1
"1/2 garlic clove , crushed with",1
1 teaspoon crushed dried mint,1
"4 garlic cloves , sliced",1
"1/2 cup rutabaga , peeled , diced",1
"1 medium garlic clove , minced or pressed through garlic press -LRB- about 1 teaspoon -RRB-",2
1 beaten egg,1
"1 cup tomatoes , chopped",1
"1 teaspoon coriander leaves , chopped",1
1/4 cup chopped dill,1
dried oregano,1
served with potato,1
"1/2 cup parsley , curley chopped",1
"1 cup instant rice , prepared",4
"1 vidalia onion , chopped",1
"1/2 cup onion , sliced",1
"1 lb tomatoes , sliced",1
1-2 dried chili,1
"1/2 cup bamboo shoot , sliced",1
"2 garlic cloves , pressed",2
"1 scallion , chopped",1
1 ounce chopped onion,1
"6 lasagna noodles , cooked",1
"6 spring onions , chopped",1
"1 cup cake flour , sifted",2
"1/2 cup almonds , sliced",1
"1 bunch cilantro , chopped",1
1 cup chopped cilantro,1
"1/2 medium tomatoes , chopped",1
"1/4 cup cilantro leaf , chopped",1
"1 cup beans , chopped",1
"3-4 garlic cloves , crushed",1
"1 cup gingersnap cookie , crushed",1
"1/2 lb mozzarella cheese , sliced",1
1 cup sliced shiitake mushroom,1
"1/2 teaspoon pepper , divided",1
"1 tablespoon almonds , chopped",1
"1 teaspoon chives , chopped",1
"1/4 cup parsley , chopped -LRB- or cilantro -RRB-",1
"1 mushroom , sliced",1
1/3 cup chopped onion,1
1/4 teaspoon crushed thyme,1
"spinach , use 1/3 of the frozen , chopped",1
"1 tomatoes , chopped",1
1 teaspoon chopped cilantro,1
"1 bulb of garlic , sliced",1
"15 g butter , melted",2
"8 zucchini , chopped",1
"1 can crushed pineapple , drained",3
"1 stalk celery , cut up",1
3/4 cup chopped onion,1
"1 bag tortilla chips , crushed",1
200 g smoked fish fillet,3
"1 garlic clove , peeled",1
1 cup chopped cantaloupe,1
1/4 teaspoon chopped garlic,1
"1 cup cheese , grated -LRB- a blend of your choice , cheddar , Mont. . Jack , etc. . . I just buy the `` Mexican '' blend at the store -RRB-",1
1 tablespoon plus 2 tsp. your favorite curry powder or 1 tablespoon curry paste,2
"1 teaspoon salt , adjust for your taste the salt helps to keep it fresh when storing",2
1 lb mostaccioli pasta -LRB- or your favorite -RRB- or 1 lb penne pasta -LRB- or your favorite -RRB-,1
"salt , to your taste",2
"red chili powder , to taste",2
1/8 cup olive oil -LRB- or mix butter and oil to make 1/8 cup -RRB-,2
"1/2 tablespoon salt , to taste",2
2 teaspoons kosher salt -LRB- or according to taste -RRB-,2
"extra olive oil , to brush",2
"1 red jalapeno chile , sliced lengthwise -LRB- wear gloves to slice and remove seeds -RRB-",1
1/2 cup cooking oil -LRB- I like to use Canola oil -RRB-,2
"dried oregano , to taste",1
"green salad , to serve",1
"freshly ground salt and black pepper , to taste",2
to taste oil,1
"1/2 teaspoon lime juice , to taste",1
"24 ounces fresh collard greens , coarsely chopped -LRB- feel free to substitute turnip greens -RRB-",1
2 teaspoons salt -LRB- or to taste -RRB-,2
"1/4 teaspoon salt , to taste",2
"fresh whipped cream , to serve",1
"salt , to tast",2
"1/4 - 1/2 teaspoon garlic salt , to taste",2
"fresh ground pepper , to taste",2
"water , enough to cover the meat",1
"parmesan cheese , grated , to taste",1
"1 cup water , to cook rice and lentils",1
"1 tablespoon cornstarch , mixed with water to form a paste",2
2 tablespoons mild chili powder -LRB- or more to taste -RRB-,2
1 small piece vanilla pod -LRB- or essence or paste to taste -RRB-,1
"heavy cream , to serve",1
8 flour tortillas -LRB- burrito size -RRB-,1
salt & freshly ground black pepper -LRB- to taste -RRB-,2
3 egg whites -LRB- * -RRB-,1
1 lb ground veal,2
2 1/2 tablespoons miso,1
2 tablespoons vegetable oil -LRB- or peanut oil -RRB-,2
1 teaspoon roasted ground fenugreek -LRB- methi -RRB-,3
"1 lb boneless chicken breast , sliced into 1/2 x 3 inch strips",1
1 cup quinoa -LRB- flakes -RRB-,1
"1 bell pepper , chopped -LRB- green or yellow -RRB-",1
8 ounces flour -LRB- I use whole wheat -RRB-,1
2 teaspoons fine sea salt -LRB- to fresh tomato sauce only -RRB-,2
8-9 slices bread -LRB- or more -RRB-,1
salt and pepper -LRB- to taste -RRB-,2
2 packets sugar-free orange jello -LRB- Jello -RRB-,2
1 teaspoon mustard -LRB- German -RRB-,3
salt and pepper -LRB- to season -RRB-,2
1/4 cup whole fresh rosemary,1
1 tablespoon soft non-hydrogenated margarine,4
"1 large tomatoes , diced",1
low-fat sour cream or fat free sour cream -LRB- optional -RRB-,1
3/4 cup fat-free low-sodium chicken broth,1
3/4 cup uncooked long grain rice,1
1/3 cup diced red onion,1
"1 bunch green onion , diced",1
1 large onion -LRB- sliced thin -RRB-,1
"1 red bell pepper , diced",1
turmeric powder,2
"1 lb sausage , pork -LRB- I use `` hot '' Italian or another spicy sausage -RRB-",1
coarse grain mustard,3
1 teaspoon whole black peppercorn,1
"1 large carrot , diced",1
1/2 small yellow onion,1
200 g sugar-free bittersweet chocolate,2
"1 red bell pepper , seeded and diced",1
1/2 cup nonfat sour cream or 1/2 cup low-fat sour cream,1
1 cup uncooked long-grain white rice,1
1 tablespoon whole mixed pickling spice,3
fresh feta cheese,1
1/2 teaspoon whole black peppercorn,1
1 prebaked thin italian bread pizza crust,1
a little lemon juice,1
"2 pickled jalapeno peppers , seeded and diced",3
"1 jalapeno pepper , seeded and diced",1
"3/4 cup prepared marinara sauce , heated",1
1/2 cup soft brown sugar,2
shredded cheddar cheese,1
1/3 cup extra virgin olive oil,2
1 cup low-sodium low-fat chicken broth,1
1 pint yellow cherry tomato,1
1 teaspoon extra virgin olive oil,2
red food coloring,4
1/4 cup plain low-fat yogurt,1
sharp cheddar cheese,1
1 cup low fat cottage cheese,1
"1/4 teaspoon white pepper -LRB- if unavailable , use black pepper -RRB-",1
1 large loaf French bread,1
"1 large onion , finely diced",1
200 g soft fresh goat cheese,1
1 cup dry red wine,2
185 g soft brown sugar,2
white pepper,1
shredded parmesan cheese,1
1 jalapeno,1
1/3 cup low fat cottage cheese,1
"2 ripe tomatoes , diced",1
"jalapeno pepper , seeded and diced",1
"4 fresh boneless skinless chicken breasts , pounded thin",1
"1 cup red onion , diced",1
"1/2 fresh onion , diced",1
1 container sour cream -LRB- use plain yogurt for low-fat equivalent -RRB-,1
1 tablespoon garlic-infused olive oil,2
1/2 teaspoon fresh grated nutmeg,1
1 1/4 cups mayonnaise,1
1 1/2 tablespoons olive oil,2
3 1/2 tablespoons vinegar,3
2 lemon cucumbers or 1 English cucumber,1
2 1/2 quarts water,1
1 1/4 cups sugar,2
1 1/2 cups wine vinegar or 1 1/2 cups cider vinegar,3
2 1/2 cups zucchini,1
1 3/4 cups warm water,1
1 1/2 teaspoons cider vinegar,3
2 2 cups pork stock or 2 cups water,1
3 1/4 cups water,1
11 1/2 ounces tomato juice,1
1 1/2 cups Minute Rice,1
2 tablespoons fresh dill -LRB- or 2 tsp dried -RRB-,1
6 - 6 1/2 lbs leg of lamb,1
5 - 5 1/2 cups flour,1
1 1/2 teaspoons soy sauce,3
1 1/2 tablespoons tandoori curry paste,1
"1 1/2 lbs round steaks , raw , 3/4 to 1 inch thick",1
1 1/2 - 2 cups water,1
1 1/2 teaspoons kosher salt,2
1 1/2 teaspoons brandy,1
1 3/4 cups plus 1 tablespoon all-purpose flour,1
1 1/2 cups beef broth,1
"3 ounces vermicelli , spaghetti -LRB- about 1 cup -RRB- or 3 ounces extra-fine egg noodles , broken in 3 - to 4-inch lengths -LRB- about 1 cup -RRB-",1
2 1/4 cups milk,1
1 1/2 tablespoons mild salsa,1
1 1/4 teaspoons salt,2
1 1/4 cups mascarpone cheese,1
2 1/2 cups milk,1
3-4 3-4 lbs pork or 3-4 lbs beef,1
2 1/2 cups vegetable stock,1
1 cinnamon stick -LRB- about 3 inches long -RRB-,1
1 1 lb chicken thighs or 1 lb chicken breast,1
1 1/2 tablespoons butter,2
1 1/2 teaspoons red wine vinegar,3
6 6 inch fajita-size flour tortillas,1
3 1/2 tablespoons olive oil,2
3 1/2 ounces salt,2
2 1/2 teaspoons cumin,1
1 1/4 cups dark rum,1
1 teaspoon salt 2 1/2 cups warm water,2
1 1/4 cups water,1
1 1/2 cups white vinegar,3
8 ounces borlotti beans -LRB- cooked -RRB-,1
2 poblano peppers -LRB- chopped -RRB-,1
2 small French baguettes -LRB- cut into 1-1 1/2 think slices -RRB-,1
1 package rice noodles -LRB- flat kind -RRB-,1
2 tablespoons paprika,1
8 ounces linguine,1
"3/4 cup cashew nuts -LRB- roasted , unsalted -RRB-",3
snow peas -LRB- optional -RRB-,1
1-2 tablespoon protein powder -LRB- or other nutritional powder -RRB- -LRB- optional -RRB-,2
"4 large onions , sliced thin",1
6 pork ribs -LRB- spareribs -RRB-,1
7 cups water -LRB- more or less -RRB-,1
1 cup mushroom pieces -LRB- optional -RRB-,1
"red fruit -LRB- strawberries , red grapes , raspberries etc. . -RRB-",1
2 tablespoons garlic -LRB- or 3 cloves garlic -RRB-,1
2 1/4 fluid ounces waterview dark rum,1
10 guajillo chilies -LRB- dried -RRB-,1
1 cup green beans -LRB- fresh or frozen -RRB-,1
"23 g Oreo cookie crumbs -LRB- about 4 tablespoons , more or less as you prefer -RRB-",1
1 bag frozen peas -LRB- optional -RRB-,1
2-4 garlic cloves -LRB- minced -RRB-,1
4 medium potatoes -LRB- peeled -RRB-,1
10 ml blue curacao,1
1/4 teaspoon Lawry 's Seasoned Salt,2
1 teaspoon chicken marinade -LRB- Lea & Perrins Marinade for Chicken -RRB-,1
Cotija cheese,1
1/4 teaspoon cayenne pepper -LRB- optional -RRB-,1
1/4 teaspoon cayenne,1
2 teaspoons bottled Thai sweet chili sauce -LRB- like Mae Ploy -RRB-,3
1 dash cayenne,1
1 tablespoon Mrs. Dash tomato basil garlic seasoning,1
"1 vanilla bean , split",1
1 dash blue curacao,1
"16 ounces Cool Whip Topping , - 16 oz",1
1/2 tablespoon ground mace,2
1/8 - 1/4 teaspoon cayenne pepper,1
"salt , Pepper",2
1/4 g cayenne pepper -LRB- to taste -RRB-,1
1 pinch cayenne -LRB- to taste -RRB-,1
1/2 teaspoon seafood seasoning such as Old Bay Seasoning,1
3/4 ounce Kahlua,1
2 tablespoons Lawry 's Seasoned Salt,2
1 boneless leg of lamb -LRB- New Zealand -RRB-,1
1 tablespoon Thai fish sauce,1
1/2 lb chorizo sausage -LRB- Mexican sausage -RRB-,1
"1 1/2 cups shredded mozzarella cheese -LRB- In Mexico , asadero or chihuahua can be used -RRB-",3
1 pinch cayenne,1
1 dash cayenne pepper,1
1/2 cup pine nut oil,1
1/2 teaspoon red chili pepper flakes or 1/4 teaspoon cayenne pepper,1
8 ounces seitan -LRB- I used 8oz package Gardein Beefless Tips -RRB-,1
1 dash nanami togarashi -LRB- option -RRB-,1
1 can campbell 's old fashioned vegetable soup,3
8 ounces cream cheese -LRB- you can use lite but regular is better -RRB-,3
1 can kidney beans,3
6 cups chicken broth -LRB- it may take more -RRB-,1
1 can mushrooms,3
"1 can goya whole kernel golden corn , drain and rinsed",3
1 can cream of celery soup,3
"1 can hearts of palm , chopped",3
1 can reduced-sodium chicken broth,3
"1 can stewed tomatoes , drained",3
1 can raspberries,3
"1 can diced tomatoes , undrained",3
1 can cherry pie filling,3
"4 tablespoons fresh coriander leaves , chopped for garnish -LRB- you can use parsley instead -RRB-",3
1 can apple pie filling,3
"1 can diced tomatoes , with the juice -LRB- petite diced -RRB-",3
1 can beef broth,3
1 can chicken broth or -LRB- 14 1/2 ounce -RRB- can vegetable broth,3
"1 can black olives , sliced",3
"1 can black beans , rinsed -LRB- no-salt added -RRB-",3
1 can Bush 's red beans,3
"1 can beans , chili starter -LRB- not a pre-made chili -RRB-",3
1 stubby beer -LRB- you wont need it all -RRB-,1
1 can chopped green chilies,3
1 can enchilada sauce,3
1 can baby corn,3
1 can stir fry vegetables,3
0.5 can garbanzo beans,3
"1 clove garlic , Smashed",1
1 - 10 1/2 ounce soup can water,3
"1 can Wolf brand chili , no beans",3
1 can whole peeled tomatoes with liquid,3
1/2 teaspoon crushed red pepper flakes -LRB- can be omitted if you prefer -RRB-,3
1 kg stewing beef,1
2 cups boiling water,1
"6-8 lbs beef brisket -LRB- in the UK , beef roast -RRB-",3
"pico de gallo , for topping",1
8 ounces whipping cream,1
diet fudge topping -LRB- optional -RRB- or chocolate fudge topping -LRB- optional -RRB-,1
1 tablespoon double-acting baking powder,3
"1/2 cup soy sauce -LRB- I use Kikkoman , most generic kinds are watery -RRB-",3
2 teaspoons browning sauce,1
"4 cups vegetable stock , simmering",1
"extra flour , for dipping",1
1/4 teaspoon spike seasoning,1
1/2 tablespoon baking soda,3
1/2 pint whipping cream,1
1/2 - 1 teaspoon Italian herb seasoning,1
6 paper baking cups,3
"1 pint whipping cream -LRB- For lower fat option , use non dairy whipped topping in place of whipping cream -RRB-",1
1 packet chili seasoning mix -LRB- we like Williams brand -RRB-,1
2 tablespoons hoisin sauce,1
1 tablespoon whipping cream,1
cooking oil,1
2 teaspoons baking powder -LRB- not soda -RRB-,3
1 tablespoon Morton nature seasons seasoning blend,1
"olive oil , for brushing pan",2
1/4 cup cooking oil,1
2 tablespoons cooking spray,1
"cornmeal , for dusting pans",1
1 tablespoon puerto rican seasoning salt,2
"1 cup water , boiling",1
1 1/2 tablespoons baking powder,3
1 cup cornstarch -LRB- in a plastic baggie -RRB-,2
"olive oil , for sauteeing",2
"shredded parmesan cheese , for topping",1
"1 tablespoon oil , for sauteeing",1
gelatin,1
3/4 tablespoon baking powder,3
caramel ice cream topping,1
5 fluid ounces boiling water,1
"milk , for brushing",1
1 1/2 lbs leaves spinach -LRB- not baby -RRB-,1
"2 stalks celery , coarsely chopped",1
15 curry leaves,1
"2/3 cup sugar , more if you use sour cream",2
"3 cups chopped broccoli -LRB- , peeled stems included -RRB-",1
7-10 stalks chard leaves,1
2 1/4 ounces colored candy sprinkles,1
1/2 cup chopped fresh mint leaves,1
"3 stalks celery , diagonally sliced",1
1/2 cup veggie crumbles -LRB- or veggie steak strips -RRB-,1
"1/2 cup blue cheese , crumbles",1
starburst decorative candies -LRB- Sour is best -RRB-,1
3 sprigs curry leaves,1
5 bay leaves,1
1/2 cup vinegar -LRB- Greeks use red wine vinegar which is not halal -RRB-,3
450 g prawns -LRB- shrimp uncooked 1 lb -RRB-,1
3/4 lb powdered sugar -LRB- Add more if icing is too thin -RRB-,2
1 teaspoon tender thyme leaves,1
1 tablespoon chopped fresh parsley leaves,1
1 cup Russian salad dressing -LRB- bottled is ok too -RRB-,3
1 sprig celery leaves,1
