Word,REMARK,Definition_Source_1,Definition_Source_2,Definition_Source_3,Food_Example,Unnamed: 6,merged_text,sbert_cluster
splutter,cooking sound,make popping sounds while cooking,spit or sputter when heated,cook noisily due to moisture or fat,oil splutters when onions are added,,cooking sound make popping sounds while cooking spit or sputter when heated cook noisily due to moisture or fat,24
deflate,shape change,release trapped air,collapse after rising,remove gas from mixture,deflate whipped egg whites gently,,shape change release trapped air collapse after rising remove gas from mixture,6
stream,continuous action,pour in a steady flow,add liquid continuously,let liquid run smoothly,stream oil into dressing,,continuous action pour in a steady flow add liquid continuously let liquid run smoothly,1
crimp,shape change slight,pinch edges together,seal pastry decoratively,press to close dough,crimp pie crust edges,,shape change slight pinch edges together seal pastry decoratively press to close dough,6
floured,sprinkling flour,coated with flour,dusted to prevent sticking,lightly covered in flour,floured surface for rolling dough,,sprinkling flour coated with flour dusted to prevent sticking lightly covered in flour,10
punch,shape change,press down firmly,knock air out of dough,deflate risen dough,punch down bread dough,,shape change press down firmly knock air out of dough deflate risen dough,6
devein,clean fish,remove vein from seafood,clean shrimp vein,extract digestive tract,devein shrimp before cooking,,clean fish remove vein from seafood clean shrimp vein extract digestive tract,29
select,choosing,choose carefully,pick desired items,decide on ingredients,select ripe tomatoes,,choosing choose carefully pick desired items decide on ingredients,18
sterilize,cleaning strong,destroy bacteria,clean thoroughly for safety,make free of germs,sterilize jars for canning,,cleaning strong destroy bacteria clean thoroughly for safety make free of germs,12
overmix,mix more,mix too much,work ingredients excessively,overwork batter or dough,overmixing makes cake tough,,mix more mix too much work ingredients excessively overwork batter or dough,18
invert,flip action,turn upside down,flip container or food,reverse position,invert cake onto plate,,flip action turn upside down flip container or food reverse position,2
pressure,shape change,cook using steam pressure,apply force,use pressure cooking method,pressure cook beans,,shape change cook using steam pressure apply force use pressure cooking method,22
thread,string attaching,slide onto skewer,string ingredients together,arrange in a line,thread vegetables onto skewers,,string attaching slide onto skewer string ingredients together arrange in a line,17
scramble,mix eggs,stir while cooking,quickly mix eggs while heating,cook eggs with stirring,scramble eggs in pan,,mix eggs stir while cooking quickly mix eggs while heating cook eggs with stirring,18
knead,shape change,work dough by hand,press and fold repeatedly,develop gluten structure,knead bread dough,,shape change work dough by hand press and fold repeatedly develop gluten structure,6
steep,flavor change,soak in hot liquid,extract flavor over time,infuse liquid,steep tea or spices,,flavor change soak in hot liquid extract flavor over time infuse liquid,14
absorbed,absorb water,taken in fully,soaked into food,no liquid remains,rice has absorbed water,,absorb water taken in fully soaked into food no liquid remains,13
rise,shape change,increase in size,expand due to gas,dough grows larger,dough rises before baking,,shape change increase in size expand due to gas dough grows larger,6
smoking,flavoring food hot,giving off smoke,very hot cooking state,used for flavoring food,smoking pan before searing,,flavoring food hot giving off smoke very hot cooking state used for flavoring food,15
marinate,flavor change,soak in seasoned liquid,flavor before cooking,tenderize with marinade,marinate chicken overnight,,flavor change soak in seasoned liquid flavor before cooking tenderize with marinade,14
frost,layoring with frost,cover with icing,apply frosting,decorate baked goods,frost a cake,,layoring with frost cover with icing apply frosting decorate baked goods,27
foam,form bubble,mass of bubbles,light airy texture,bubbles formed by whisking,milk foam on coffee,,form bubble mass of bubbles light airy texture bubbles formed by whisking,24
crockpot,pressure cooking,slow cooker appliance,electric pot for long cooking,low-heat cooking device,stew cooks in crockpot,,pressure cooking slow cooker appliance electric pot for long cooking low-heat cooking device,22
caramelize,brown coating,brown sugars with heat,develop sweetness,cook until golden,caramelize onions,,brown coating brown sugars with heat develop sweetness cook until golden,15
refrigerate,shape change,keep cold for storage,store in refrigerator,slow food spoilage,refrigerate leftovers,,shape change keep cold for storage store in refrigerator slow food spoilage,26
grease,coat with fat,coat with fat,apply oil or butter,prevent sticking,grease baking pan,,coat with fat coat with fat apply oil or butter prevent sticking,10
evaporated,reduce water,reduced by heat,water removed,concentrated liquid,evaporated milk,,reduce water reduced by heat water removed concentrated liquid,13
overcook,cook extra,cook too long,exceed ideal doneness,ruin texture or flavor,overcooked pasta,,cook extra cook too long exceed ideal doneness ruin texture or flavor,22
massage,flavor change,rub gently by hand,work ingredients softly,change texture by rubbing,massage kale with oil,,flavor change rub gently by hand work ingredients softly change texture by rubbing,18
charred,burning surface heat,burned on surface,blackened by heat,smoky flavor result,charred peppers,,burning surface heat burned on surface blackened by heat smoky flavor result,15
evaporate,remove water,turn liquid to vapor,remove moisture by heating,reduce liquid content,water evaporates from sauce,,remove water turn liquid to vapor remove moisture by heating reduce liquid content,13
condensed,remove water more,thickened by reduction,water removed,concentrated form,condensed milk,,remove water more thickened by reduction water removed concentrated form,13
griddle,cooking item,flat cooking surface,metal plate for frying,used for pancakes,bake on a griddle,,cooking item flat cooking surface metal plate for frying used for pancakes,22
presentation,food decoration,visual arrangement of food,how food is served,plating style,good presentation improves appeal,,food decoration visual arrangement of food how food is served plating style,11
dredge,coating,coat lightly with flour,cover before cooking,prepare for frying,dredge fish in flour,,coating coat lightly with flour cover before cooking prepare for frying,10
barbecue,open heat cooking,cook over open flame,grill or smoke food,outdoor cooking method,barbecue ribs,,open heat cooking cook over open flame grill or smoke food outdoor cooking method,21
curdle,forming curd,separate into lumps,form curds due to heat or acid,milk proteins clump,milk curdles when boiled,,forming curd separate into lumps form curds due to heat or acid milk proteins clump,25
dollop,measuring unit,small rounded amount,spoonful portion,soft mound of food,dollop of cream,,measuring unit small rounded amount spoonful portion soft mound of food,8
scorching,high heat cooking,extremely hot,burning surface heat,risk of burning food,scorching pan heat,,high heat cooking extremely hot burning surface heat risk of burning food,22
tilt,pan movement,angle container,lean pan slightly,direct liquid flow,tilt pan to baste steak,,pan movement angle container lean pan slightly direct liquid flow,1
muddle,mixing items,crush gently,press to release flavors,lightly mash ingredients,muddle mint for drinks,,mixing items crush gently press to release flavors lightly mash ingredients,18
deglaze,light heat,loosen browned bits,dissolve pan residue with liquid,create sauce from drippings,deglaze pan with wine,,light heat loosen browned bits dissolve pan residue with liquid create sauce from drippings,18
freezing,cooling item,preserve by cold,turn liquid solid,store at very low temperature,freezing berries,,cooling item preserve by cold turn liquid solid store at very low temperature,26
parboil,cooking in water,boil briefly,partially cook in water,pre-cook ingredient,parboil potatoes,,cooking in water boil briefly partially cook in water pre-cook ingredient,22
baste,add water,moisten during cooking,spoon liquid over food,add flavor and moisture,baste roast chicken,,add water moisten during cooking spoon liquid over food add flavor and moisture,13
scrub,cleaning,clean by rubbing firmly,wash vegetables thoroughly,remove dirt,scrub potatoes,,cleaning clean by rubbing firmly wash vegetables thoroughly remove dirt,12
defrost,remove ice,remove ice,thaw frozen food,return to usable state,defrost meat safely,,remove ice remove ice thaw frozen food return to usable state,26
rising,shape change,dough expansion,increase in size,gas causes growth,dough rising before baking,,shape change dough expansion increase in size gas causes growth,6
preheat,preheat,heat beforehand,warm oven before cooking,prepare correct temperature,preheat oven to 180°c,,preheat heat beforehand warm oven before cooking prepare correct temperature,22
roux,mixture of flour,fat and flour mixture,base for thickening sauces,cooked flour paste,make roux for gravy,,mixture of flour fat and flour mixture base for thickening sauces cooked flour paste,18
store,place,keep for later use,place in storage,preserve food properly,store leftovers,,place keep for later use place in storage preserve food properly,26
tie,bind,bind with string,secure ingredients,hold shape while cooking,tie roast with twine,,bind bind with string secure ingredients hold shape while cooking,17
slit,cut open,make narrow cut,cut slightly open,create opening,slit chili peppers,,cut open make narrow cut cut slightly open create opening,7
distribute,spread parts,spread evenly,divide among parts,arrange throughout dish,distribute toppings evenly,,spread parts spread evenly divide among parts arrange throughout dish,11
bubbling,bubble formation,form bubbles,boiling action,release gas while cooking,sauce bubbling gently,,bubble formation form bubbles boiling action release gas while cooking,24
blanch,heat plus cool item,boil briefly then cool,scald vegetables quickly,prepare for freezing,blanch spinach,,heat plus cool item boil briefly then cool scald vegetables quickly prepare for freezing,22
flavoring,flavour,ingredient adding taste,seasoning component,enhance flavor,add flavoring to soup,,flavour ingredient adding taste seasoning component enhance flavor,14
pierce,small cut,make small hole,puncture surface,allow heat or flavor in,pierce potatoes before baking,,small cut make small hole puncture surface allow heat or flavor in,7
decorate,presentation,add visual detail,garnish food,improve appearance,decorate cake,,presentation add visual detail garnish food improve appearance,11
insert,small action,put inside,place within food,add ingredient internally,insert garlic into roast,,small action put inside place within food add ingredient internally,18
broil,high heat cooking,cook with intense top heat,use overhead heat,brown food quickly,broil fish fillets,,high heat cooking cook with intense top heat use overhead heat brown food quickly,22
unmold,take out of mold,remove from mold,release shaped food,turn out of container,unmold pudding,,take out of mold remove from mold release shaped food turn out of container,5
grate,shape change cheese,shred into fine pieces,rub against grater,reduce to small bits,grate cheese,,shape change cheese shred into fine pieces rub against grater reduce to small bits,6
prick,small cut,make small holes,puncture lightly,release steam or air,prick pastry dough,,small cut make small holes puncture lightly release steam or air,7
dressing,add flavor,seasoned sauce for food,mixture for salads,flavoring liquid,add dressing to salad,,add flavor seasoned sauce for food mixture for salads flavoring liquid,14
shred,shape change item,cut into thin strips,tear finely,reduce to strands,shred chicken,,shape change item cut into thin strips tear finely reduce to strands,7
ice,add ice cool,cool rapidly with ice,add ice to chill,lower temperature quickly,ice vegetables after blanching,,add ice cool cool rapidly with ice add ice to chill lower temperature quickly,26
flatten,shape change,make level or thin,press down evenly,reduce thickness,flatten dough,,shape change make level or thin press down evenly reduce thickness,6
sizzle,sound,make hissing sound,cook with hot fat,quick high-heat sound,steak sizzles in pan,,sound make hissing sound cook with hot fat quick high-heat sound,24
sear,brown coating heat,brown surface quickly,seal exterior with heat,develop crust,sear meat before roasting,,brown coating heat brown surface quickly seal exterior with heat develop crust,15
caramelized,brown coating sweet,browned by sugar reaction,golden and sweetened,cooked until rich brown,caramelized onions,,brown coating sweet browned by sugar reaction golden and sweetened cooked until rich brown,15
unroll,shape change,open rolled food,flatten from roll,prepare sheet,unroll pastry,,shape change open rolled food flatten from roll prepare sheet,6
sweeten,add sugar,add sugar,increase sweetness,improve taste,sweeten sauce lightly,,add sugar add sugar increase sweetness improve taste,14
flake,cut item,break into layers,separate gently,form small pieces,flake cooked fish,,cut item break into layers separate gently form small pieces,7
tuck,small shape change,push neatly into place,secure edges,hide excess,tuck dough edges under,,small shape change push neatly into place secure edges hide excess,6
stop,action,end a process,prevent continuation,cease cooking action,stop cooking to avoid burning,,action end a process prevent continuation cease cooking action,21
settle,action,allow to rest,let ingredients stabilize,pause before next step,let batter settle,,action allow to rest let ingredients stabilize pause before next step,3
moisten,add water,add slight liquid,prevent dryness,lightly wet,moisten cake layers,,add water add slight liquid prevent dryness lightly wet,13
rotate,action,turn around,change position,ensure even cooking,rotate baking tray,,action turn around change position ensure even cooking,21
crumble,cut item,break into small pieces,reduce to crumbs,create rough texture,crumble cheese,,cut item break into small pieces reduce to crumbs create rough texture,7
snap,cut item,break cleanly,crack sharply,test crispness,beans snap when fresh,,cut item break cleanly crack sharply test crispness,7
skim,remove water,remove surface layer,take off foam or fat,clear liquid,skim soup,,remove water remove surface layer take off foam or fat clear liquid,13
soak,add water,submerge in liquid,allow absorption,hydrate ingredient,soak beans overnight,,add water submerge in liquid allow absorption hydrate ingredient,13
sieve,filtering particles,strain dry or wet ingredients,separate fine particles,refine texture,sieve flour,,filtering particles strain dry or wet ingredients separate fine particles refine texture,13
stretch,shape change,pull gently to enlarge,extend dough,increase surface area,stretch pizza dough,,shape change pull gently to enlarge extend dough increase surface area,6
drip,remove liquid,let liquid fall slowly,allow excess liquid to drop,drain lightly,let oil drip off food,,remove liquid let liquid fall slowly allow excess liquid to drop drain lightly,13
sweat,cook slowly,soften without browning,release moisture gently,cook slowly in fat,sweat onions,,cook slowly soften without browning release moisture gently cook slowly in fat,22
handle,action,touch and move food,manage ingredients carefully,work with gently,handle dough lightly,,action touch and move food manage ingredients carefully work with gently,18
submerge,add water,put completely under liquid,cover fully with liquid,immerse ingredient,submerge pasta in boiling water,,add water put completely under liquid cover fully with liquid immerse ingredient,13
spray,add liquid,apply as fine mist,distribute liquid lightly,coat evenly,spray oil on pan,,add liquid apply as fine mist distribute liquid lightly coat evenly,10
flip,action,turn over,reverse sides,change cooking surface,flip pancake,,action turn over reverse sides change cooking surface,21
immerse,add water,place fully in liquid,submerge completely,soak entirely,immerse vegetables in ice bath,,add water place fully in liquid submerge completely soak entirely,13
powdered,shape change,ground into fine dust,very fine texture,reduced to powder form,powdered sugar,,shape change ground into fine dust very fine texture reduced to powder form,6
sift,tool,pass through sieve,aerate dry ingredients,remove lumps,sift flour,,tool pass through sieve aerate dry ingredients remove lumps,13
shake,action,move back and forth,agitate ingredients,mix lightly,shake dressing,,action move back and forth agitate ingredients mix lightly,18
wilt,shape change,soften leaves,become limp from heat,reduce firmness,wilt spinach,,shape change soften leaves become limp from heat reduce firmness,6
scrape,clean,remove by dragging tool,collect residue,clean surface,scrape pan bottom,,clean remove by dragging tool collect residue clean surface,12
smoke,add flavor,cook using smoke,flavor with burning wood,preserve and flavor,smoke fish,,add flavor cook using smoke flavor with burning wood preserve and flavor,15
marinade,add flavor,seasoned soaking liquid,flavoring mixture,tenderizing liquid,prepare a marinade,,add flavor seasoned soaking liquid flavoring mixture tenderizing liquid,14
dissolve,mix in water,blend into liquid fully,disappear into liquid,combine completely,dissolve sugar in water,,mix in water blend into liquid fully disappear into liquid combine completely,18
toast,brown with heat,brown with dry heat,heat until crisp,enhance flavor,toast bread,,brown with heat brown with dry heat heat until crisp enhance flavor,15
squeeze,action,press to extract liquid,remove juice,apply pressure,squeeze lemon juice,,action press to extract liquid remove juice apply pressure,18
grind,cut item,crush into small particles,powder by crushing,reduce size,grind spices,,cut item crush into small particles powder by crushing reduce size,7
blitz,cut item heavily,process quickly in blender,puree rapidly,blend at high speed,blitz soup,,cut item heavily process quickly in blender puree rapidly blend at high speed,18
bubble,form bubble,form bubbles,boil gently,release gas,mixture bubbles while heating,,form bubble form bubbles boil gently release gas,24
slash,cut item,make long cut,score surface,allow expansion,slash bread dough,,cut item make long cut score surface allow expansion,7
blot,remove water,absorb excess liquid,remove moisture,dry surface,blot fried food,,remove water absorb excess liquid remove moisture dry surface,13
style,decorate,arrange attractively,shape presentation,decorate food,style plated dessert,,decorate arrange attractively shape presentation decorate food,11
trim,remove unwanted item,remove excess parts,cut unwanted edges,neaten ingredient,trim fat from meat,,remove unwanted item remove excess parts cut unwanted edges neaten ingredient,7
twist,action,turn or coil,rotate ends,shape ingredient,twist breadsticks,,action turn or coil rotate ends shape ingredient,2
whip,shape change,beat rapidly,add air to mixture,increase volume,whip cream,,shape change beat rapidly add air to mixture increase volume,6
carve,cut item,cut cooked meat,slice neatly,prepare servings,carve roast,,cut item cut cooked meat slice neatly prepare servings,7
divide,cut item,separate into portions,split evenly,create equal parts,divide dough,,cut item separate into portions split evenly create equal parts,7
meld,mix flavor,blend flavors together,combine smoothly,unite tastes,flavors meld in stew,,mix flavor blend flavors together combine smoothly unite tastes,18
swirl,action,move in circular motion,mix gently,create pattern,swirl sauce on plate,,action move in circular motion mix gently create pattern,2
thicken,reduce liquid,increase density,reduce liquid,add body to sauce,thicken gravy,,reduce liquid increase density reduce liquid add body to sauce,18
garnish,decorate,decorate dish,add finishing touch,improve appearance,garnish with herbs,,decorate decorate dish add finishing touch improve appearance,11
,,,,,,,nan nan nan nan,30
thaw,remove ice,defrost frozen food,return to room temperature,remove ice safely,thaw meat before cooking,,remove ice defrost frozen food return to room temperature remove ice safely,26
braise,slow heat,cook slowly with liquid,moist-heat cooking method,low and slow cooking,braise beef,,slow heat cook slowly with liquid moist-heat cooking method low and slow cooking,22
uncover,action,remove lid or cover,expose food during cooking,allow browning or evaporation,uncover pot to reduce sauce,,action remove lid or cover expose food during cooking allow browning or evaporation,21
process,shape change,prepare using machinery,blend or grind ingredients,transform using food processor,process nuts into paste,,shape change prepare using machinery blend or grind ingredients transform using food processor,6
bake,heating,cook with dry heat,use oven heat,even cooking method,bake bread,,heating cook with dry heat use oven heat even cooking method,22
rinse,clean,wash lightly with water,remove residue or starch,clean briefly,rinse rice,,clean wash lightly with water remove residue or starch clean briefly,12
repeat,action,do again,perform step once more,carry out same action,repeat stirring process,,action do again perform step once more carry out same action,3
scatter,decoration,spread loosely,distribute lightly over surface,arrange evenly,scatter herbs on dish,,decoration spread loosely distribute lightly over surface arrange evenly,11
square,shape change,shape into equal sides,form even edges,cut into squares,square brownies,,shape change shape into equal sides form even edges cut into squares,6
char,add flavor,burn surface intentionally,blacken with high heat,add smoky flavor,char vegetables,,add flavor burn surface intentionally blacken with high heat add smoky flavor,15
uncovered,action,not covered during cooking,exposed to air,allow evaporation,bake uncovered,,action not covered during cooking exposed to air allow evaporation,21
whirl,action,spin rapidly,mix in circular motion,blend by spinning,whirl sauce in blender,,action spin rapidly mix in circular motion blend by spinning,2
seal,action,close tightly,lock in moisture,prevent air entry,seal container,,action close tightly lock in moisture prevent air entry,28
wipe,clean,clean surface lightly,remove residue with cloth,dry or clean gently,wipe cutting board,,clean clean surface lightly remove residue with cloth dry or clean gently,12
assemble,action,put components together,combine prepared parts,build final dish,assemble sandwich,,action put components together combine prepared parts build final dish,18
wash,clean,clean with water,remove dirt or residue,prepare for use,wash vegetables,,clean clean with water remove dirt or residue prepare for use,12
strain,filter,separate liquid from solids,filter mixture,remove particles,strain broth,,filter separate liquid from solids filter mixture remove particles,13
pop,many meaning,burst open suddenly,expand and open with heat,release steam,pop popcorn,,many meaning burst open suddenly expand and open with heat release steam,19
strip,item separate,remove outer layer,pull off skin or leaves,take away covering,strip herbs from stems,,item separate remove outer layer pull off skin or leaves take away covering,5
brush,action,apply liquid lightly,spread using brush,coat surface,brush oil on bread,,action apply liquid lightly spread using brush coat surface,10
smear,action,spread thickly,coat unevenly,apply with hand or tool,smear butter on toast,,action spread thickly coat unevenly apply with hand or tool,10
poach,cook in water,cook gently in liquid,low-temperature simmering,moist cooking method,poach eggs,,cook in water cook gently in liquid low-temperature simmering moist cooking method,22
ladle,utensil,serve with deep spoon,pour using ladle,transfer liquid food,ladle soup into bowl,,utensil serve with deep spoon pour using ladle transfer liquid food,8
seasoning,add flavor,flavoring ingredients,salt and spices mix,enhance taste,add seasoning to soup,,add flavor flavoring ingredients salt and spices mix enhance taste,14
poke,cut item small,make small hole,prod lightly,puncture surface,poke holes in potatoes,,cut item small make small hole prod lightly puncture surface,7
dress,add flavor,add dressing or sauce,season and coat food,finish salad,dress the salad,,add flavor add dressing or sauce season and coat food finish salad,14
burn,high heat cooking,overheat food,blacken unintentionally,cause scorching,burn sugar quickly,,high heat cooking overheat food blacken unintentionally cause scorching,22
reduce,remove water,simmer to thicken,evaporate excess liquid,concentrate flavor,reduce sauce,,remove water simmer to thicken evaporate excess liquid concentrate flavor,14
dust,sprinkling item,lightly sprinkle powder,add fine coating,coat gently,dust cake with sugar,,sprinkling item lightly sprinkle powder add fine coating coat gently,10
stack,shape change,place items on top of each other,arrange in layers,pile neatly,stack pancakes,,shape change place items on top of each other arrange in layers pile neatly,6
reheat,low heating,heat again,warm cooked food,restore serving temperature,reheat leftovers,,low heating heat again warm cooked food restore serving temperature,22
dripping,liquid leftover,liquid falling from food,fat released during cooking,juices from meat,collect pan drippings,,liquid leftover liquid falling from food fat released during cooking juices from meat,23
transfer,action,move from one place to another,shift food to new container,relocate ingredients,transfer sauce to bowl,,action move from one place to another shift food to new container relocate ingredients,18
soften,shape change,make less firm,reduce hardness,loosen texture,soften butter,,shape change make less firm reduce hardness loosen texture,6
drizzle,?,pour lightly in thin stream,add small amount of liquid,decorate with sauce,drizzle olive oil,,? pour lightly in thin stream add small amount of liquid decorate with sauce,18
arrange,action,place neatly,organize food visually,prepare presentation,arrange vegetables on plate,,action place neatly organize food visually prepare presentation,11
measure,unit,determine exact amount,use measuring tools,portion ingredients accurately,measure flour,,unit determine exact amount use measuring tools portion ingredients accurately,8
fold,mixing,combine gently,turn mixture over softly,preserve air,fold egg whites into batter,,mixing combine gently turn mixture over softly preserve air,18
beat,shape change,mix vigorously,stir rapidly,incorporate air,beat eggs,,shape change mix vigorously stir rapidly incorporate air,6
simmer,low heating,cook just below boiling,heat gently,maintain slow bubbles,simmer soup,,low heating cook just below boiling heat gently maintain slow bubbles,22
saute,high heat cooking,cook quickly in small fat,high-heat frying,shallow pan cooking,saute onions,,high heat cooking cook quickly in small fat high-heat frying shallow pan cooking,22
mould,shape change,shape food,form using mold,create set shape,mould butter,,shape change shape food form using mold create set shape,6
shape,shape change,form into desired form,give structure,create outline,shape dough,,shape change form into desired form give structure create outline,6
stirring,mixing,moving ingredients around,mixing continuously,prevent sticking,stirring sauce,,mixing moving ingredients around mixing continuously prevent sticking,18
raise,action,increase height or level,cause dough to grow,elevate mixture,yeast raises dough,,action increase height or level cause dough to grow elevate mixture,6
tear,cut item,pull apart roughly,divide by hand,separate unevenly,tear lettuce,,cut item pull apart roughly divide by hand separate unevenly,7
pick,action,choose or remove carefully,select small items,pluck gently,pick herbs,,action choose or remove carefully select small items pluck gently,16
stand,action,allow to rest,let sit without movement,pause process,let dough stand,,action allow to rest let sit without movement pause process,3
scoop,unit,lift with spoon,remove portion,serve rounded amount,scoop ice cream,,unit lift with spoon remove portion serve rounded amount,8
stuff,add mixing,fill with mixture,pack ingredients inside,insert filling,stuff peppers,,add mixing fill with mixture pack ingredients inside insert filling,18
smash,shape change,crush forcefully,flatten completely,break into pieces,smash garlic,,shape change crush forcefully flatten completely break into pieces,6
sort,prepare,arrange by type,separate items,organize ingredients,sort beans,,prepare arrange by type separate items organize ingredients,18
clean,clean,remove dirt,wash thoroughly,prepare hygienically,clean vegetables,,clean remove dirt wash thoroughly prepare hygienically,12
prepare,prepare,make ready for cooking,complete initial steps,organize ingredients,prepare ingredients,,prepare make ready for cooking complete initial steps organize ingredients,18
squash,shape change,press flat,crush gently,reduce thickness,squash tomatoes,,shape change press flat crush gently reduce thickness,6
mash,high mixing,crush until smooth,press into paste,break down texture,mash potatoes,,high mixing crush until smooth press into paste break down texture,18
dash,unit,add small amount,quick light addition,minimal quantity,dash of salt,,unit add small amount quick light addition minimal quantity,9
crush,shape change,press or grind forcefully,break into smaller pieces,reduce texture,crush garlic,,shape change press or grind forcefully break into smaller pieces reduce texture,6
drain,remove liquid,remove liquid from solid,let liquid run off,separate food from water,drain pasta,,remove liquid remove liquid from solid let liquid run off separate food from water,13
splash,add liquid,spray liquid lightly,scatter small drops,add water or sauce quickly,splash water on vegetables,,add liquid spray liquid lightly scatter small drops add water or sauce quickly,18
glaze,coating,coat with glossy layer,apply sugar or sauce,add shiny finish,glaze donuts,,coating coat with glossy layer apply sugar or sauce add shiny finish,10
break,cut item small,separate into pieces,divide food forcefully,split ingredient,break chocolate into chunks,,cut item small separate into pieces divide food forcefully split ingredient,7
chill,cool item,cool in refrigerator,lower temperature,prepare for serving,chill dough before baking,,cool item cool in refrigerator lower temperature prepare for serving,26
drop,action,let fall in small portions,release ingredient gently,place in batter,drop cookie dough onto tray,,action let fall in small portions release ingredient gently place in batter,18
test,action,check doneness,examine readiness,verify cooking result,test cake with toothpick,,action check doneness examine readiness verify cooking result,21
dice,cut item high,cut into small cubes,chop evenly into pieces,uniform cutting,dice vegetables,,cut item high cut into small cubes chop evenly into pieces uniform cutting,7
lard,prepare,insert fat into meat,fill with fat,prepare pastry or meat,lard pork roast,,prepare insert fat into meat fill with fat prepare pastry or meat,23
unwrap,action,remove covering,take off packaging,expose food,unwrap chocolate,,action remove covering take off packaging expose food,5
slather,coating,spread thickly,coat generously,apply in large amount,slather butter on bread,,coating spread thickly coat generously apply in large amount,10
rub,action,rub spices or fat into food,massage seasoning in,apply friction,rub roast with herbs,,action rub spices or fat into food massage seasoning in apply friction,16
moist,add water,containing enough water,not dry,retain juiciness,moist cake,,add water containing enough water not dry retain juiciness,13
scald,low heating,heat liquid almost to boiling,hot but not boiling,prepare for pasteurization,scald milk,,low heating heat liquid almost to boiling hot but not boiling prepare for pasteurization,22
pat,action,press lightly,flatten with hand,shape gently,pat dough,,action press lightly flatten with hand shape gently,16
steam,water cooking,cook with steam,use vapor to cook,moist-heat method,steam vegetables,,water cooking cook with steam use vapor to cook moist-heat method,22
split,cut item,divide lengthwise,separate in half,cut into sections,split buns,,cut item divide lengthwise separate in half cut into sections,7
pack,prepare,place tightly into container,fill storage,organize food,packed lunch box,,prepare place tightly into container fill storage organize food,26
mound,shape change,shape into small heap,pile food loosely,form round pile,mound rice on plate,,shape change shape into small heap pile food loosely form round pile,6
replace,action,put back in place,swap items,substitute ingredient,replace lid on pot,,action put back in place swap items substitute ingredient,18
foil,prepare,wrap in metal sheet,cover with aluminum,protect food during cooking,foil fish before baking,,prepare wrap in metal sheet cover with aluminum protect food during cooking,27
roast,high heat cooking,cook with dry heat in oven,bake meat or vegetables,slow even cooking,roaѕt chicken,,high heat cooking cook with dry heat in oven bake meat or vegetables slow even cooking,22
unfold,shape change,open folded item,spread out flat,expose layers,unfold puff pastry,,shape change open folded item spread out flat expose layers,6
yield,output,produce amount,provide output,result in quantity,dough yields 12 rolls,,output produce amount provide output result in quantity,9
smooth,shape change,even surface,no lumps,polish texture,smooth frosting,,shape change even surface no lumps polish texture,6
press,action,apply firm force,flatten with hand or tool,compact ingredients,press dough into pan,,action apply firm force flatten with hand or tool compact ingredients,16
puree,mix high,blend into smooth paste,liquidize ingredients,mix thoroughly,puree carrots for soup,,mix high blend into smooth paste liquidize ingredients mix thoroughly,18
roll,shape change,flatten or shape by rolling,form cylinder,shape dough,roll out pastry,,shape change flatten or shape by rolling form cylinder shape dough,6
sprout,?,begin growth,produce shoots,vegetable germination,bean sprouts,,? begin growth produce shoots vegetable germination,20
serve,prepare,present food for eating,offer to diners,distribute dishes,serve salad,,prepare present food for eating offer to diners distribute dishes,11
skin,shape change,remove outer layer,peel off covering,prepare surface,skin tomatoes,,shape change remove outer layer peel off covering prepare surface,5
whisk,shape change,beat rapidly,incorporate air,mix quickly,whisk eggs,,shape change beat rapidly incorporate air mix quickly,6
melt,shape change,change solid to liquid,heat until liquid,softening with heat,melt butter,,shape change change solid to liquid heat until liquid softening with heat,6
hold,action,keep at certain temperature,maintain position or state,preserve food,hold soup warm,,action keep at certain temperature maintain position or state preserve food,26
check,prepare,inspect or test,verify cooking progress,ensure readiness,check cake for doneness,,prepare inspect or test verify cooking progress ensure readiness,21
wrap,action,cover with material,enclose food,seal ingredients,wrap sandwich in foil,,action cover with material enclose food seal ingredients,27
boil,water cooking,cook in rapidly bubbling liquid,heat water until rolling boil,high-temperature cooking,boil pasta,,water cooking cook in rapidly bubbling liquid heat water until rolling boil high-temperature cooking,22
reserve,action,set aside for later,keep portion,save ingredient,reserve some sauce,,action set aside for later keep portion save ingredient,18
pull,shape change,stretch or draw apart,remove with force,extract ingredient,pull dough for bread,,shape change stretch or draw apart remove with force extract ingredient,6
fill,action,add content to container,stuff ingredient,complete portion,fill pastry with cream,,action add content to container stuff ingredient complete portion,18
start,action,begin cooking,initiate process,turn on appliance,start oven preheating,,action begin cooking initiate process turn on appliance,21
sprinkle,sprinkle item,scatter small amounts,lightly add topping,distribute evenly,sprinkle sugar on cake,,sprinkle item scatter small amounts lightly add topping distribute evenly,11
spread,coating,apply evenly,distribute across surface,coat,spread butter on toast,,coating apply evenly distribute across surface coat,10
move,action,change position,shift ingredient,transfer to new location,move bowl aside,,action change position shift ingredient transfer to new location,18
minced,cut item,cut into very small pieces,finely chopped,reduce size of ingredient,minced garlic,,cut item cut into very small pieces finely chopped reduce size of ingredient,7
cream,mixing,beat until smooth,combine fat and sugar,make light mixture,cream butter and sugar,,mixing beat until smooth combine fat and sugar make light mixture,18
combine,mixing,mix together,bring ingredients into one,blend thoroughly,combine flour and eggs,,mixing mix together bring ingredients into one blend thoroughly,18
dump,action,pour all at once,add quickly,transfer bulk ingredient,dump vegetables into pot,,action pour all at once add quickly transfer bulk ingredient,18
peel,shape change,remove skin or outer layer,skin fruit or vegetable,strip off covering,peel apples,,shape change remove skin or outer layer skin fruit or vegetable strip off covering,5
coat,coating,cover with layer,apply outer layer,encase ingredient,coat chicken with breadcrumbs,,coating cover with layer apply outer layer encase ingredient,10
dip,action,immerse briefly in liquid,soak partially,cover surface quickly,dip strawberries in chocolate,,action immerse briefly in liquid soak partially cover surface quickly,13
throw,action,add quickly,mix roughly,put in container,throw vegetables into pan,,action add quickly mix roughly put in container,18
fry,high heat cooking,cook in hot oil,cook in fat,high-heat method,fry eggs,,high heat cooking cook in hot oil cook in fat high-heat method,22
season,add flavor,add flavor,use spices or salt,enhance taste,season soup with pepper,,add flavor add flavor use spices or salt enhance taste,14
zest,?,grate outer peel of citrus,extract aromatic layer,add flavor,zest lemon over cake,,? grate outer peel of citrus extract aromatic layer add flavor,14
mince,cut item,cut into very small pieces,chop finely,reduce to tiny bits,mince onions,,cut item cut into very small pieces chop finely reduce to tiny bits,7
push,action,move by applying pressure,press forward,shift ingredient,push dough into pan,,action move by applying pressure press forward shift ingredient,18
chop,cut item,cut into pieces,divide roughly,cut ingredients,chop onions,,cut item cut into pieces divide roughly cut ingredients,7
separate,cut item,divide into parts,remove layers,split ingredient,separate egg yolk from white,,cut item divide into parts remove layers split ingredient,7
butter,apply,apply butter,add fat,spread over surface,butter the pan,,apply apply butter add fat spread over surface,10
slice,cut item,cut into flat pieces,divide food,make thin portions,slice bread,,cut item cut into flat pieces divide food make thin portions,7
wet,add water,moisten with liquid,add water or other liquid,prevent dryness,wet hands when shaping dough,,add water moisten with liquid add water or other liquid prevent dryness,13
sit,action,rest without disturbance,allow to stand,pause process,let dough sit for 10 minutes,,action rest without disturbance allow to stand pause process,3
save,action,keep for later,reserve portion,store ingredient,save leftover sauce,,action keep for later reserve portion store ingredient,18
wait,action,pause before next step,allow time to pass,delay action,wait for dough to rise,,action pause before next step allow time to pass delay action,3
wok,utensil,shallow pan for stir-frying,round-bottomed pan,high-heat cooking,use wok for stir-fry,,utensil shallow pan for stir-frying round-bottomed pan high-heat cooking,22
open,action,uncover or unfold,remove lid,expose ingredients,open jar of sauce,,action uncover or unfold remove lid expose ingredients,5
stew,slow heat cooking,cook slowly in liquid,simmer until tender,moist-heat method,stew beef for 2 hours,,slow heat cooking cook slowly in liquid simmer until tender moist-heat method,22
blend,mix high,mix thoroughly,combine ingredients smoothly,puree together,blend fruits for smoothie,,mix high mix thoroughly combine ingredients smoothly puree together,18
touch,action,handle lightly,test by hand,feel texture,touch dough gently,,action handle lightly test by hand feel texture,16
cool,cool item,lower temperature,allow to reach room temp,chill slightly,cool cake on rack,,cool item lower temperature allow to reach room temp chill slightly,26
toss,action,mix lightly by lifting,combine ingredients gently,shake to mix,toss salad,,action mix lightly by lifting combine ingredients gently shake to mix,18
cut,cut item,divide with knife,slice or chop,shape ingredients,cut vegetables,,cut item divide with knife slice or chop shape ingredients,7
taste,action,sample for flavor,check seasoning,test doneness,taste soup before serving,,action sample for flavor check seasoning test doneness,21
rest,action,let food stand,allow to settle,pause cooking,rest meat after roasting,,action let food stand allow to settle pause cooking,3
pre-heat,low heating,heat oven beforehand,warm appliance before use,prepare correct temperature,pre-heat oven to 180°c,,low heating heat oven beforehand warm appliance before use prepare correct temperature,22
cover,action,place lid on top,protect from heat or moisture,seal container,cover pot while simmering,,action place lid on top protect from heat or moisture seal container,27
stir-fry,high heat cooking,cook quickly in hot pan with oil,high-heat method,shake and move ingredients,stir-fry vegetables,,high heat cooking cook quickly in hot pan with oil high-heat method shake and move ingredients,22
pan-fry,high heat cooking,cook in shallow oil,medium-heat cooking,brown surface,pan-fry chicken,,high heat cooking cook in shallow oil medium-heat cooking brown surface,22
turn,action,flip or rotate,change side or orientation,move position,turn steak in pan,,action flip or rotate change side or orientation move position,2
remove,action,take away,extract ingredient,discard,remove skin from fish,,action take away extract ingredient discard,18
dry,remove liquid,eliminate moisture,remove water,make surface dry,dry washed lettuce,,remove liquid eliminate moisture remove water make surface dry,13
warm,low heating,increase temperature slightly,heat gently,keep at serving temp,warm soup,,low heating increase temperature slightly heat gently keep at serving temp,22
pour,action,transfer liquid,flow into container,add ingredient,pour batter into pan,,action transfer liquid flow into container add ingredient,18
note,action,observe or record,pay attention,mark details,note oven temperature,,action observe or record pay attention mark details,4
top,prepare,place on upper surface,add finishing layer,decorate,top cake with strawberries,,prepare place on upper surface add finishing layer decorate,11
heat,low heating,increase temperature,cook using warmth,apply energy,heat oil before sautéing,,low heating increase temperature cook using warmth apply energy,22
cook,action,prepare food with heat,apply heat to ingredients,transform raw to edible,cook pasta,,action prepare food with heat apply heat to ingredients transform raw to edible,18
place,action,put in position,set ingredient down,arrange on surface,place dough on tray,,action put in position set ingredient down arrange on surface,18
stir,mixing,mix by rotating,move ingredients around,prevent sticking,stir soup,,mixing mix by rotating move ingredients around prevent sticking,18
take,action,remove or pick up,carry away,grab ingredient,take pan off heat,,action remove or pick up carry away grab ingredient,18
put,action,place somewhere,set ingredient down,add to dish,put vegetables in pot,,action place somewhere set ingredient down add to dish,18
mix,mixing,combine ingredients,blend thoroughly,stir together,mix flour and sugar,,mixing combine ingredients blend thoroughly stir together,18
set,action,allow to firm,let rest until stable,fix shape,set jelly in fridge,,action allow to firm let rest until stable fix shape,3
add,action,include ingredient,introduce into mixture,combine with others,add salt to taste,,action include ingredient introduce into mixture combine with others,18
