Word,REMARK,Definition_Source_1,Definition_Source_2,Definition_Source_3,Food_Example,Unnamed: 6,merged_text
splutter,cooking sound,make popping sounds while cooking,spit or sputter when heated,cook noisily due to moisture or fat,oil splutters when onions are added,,cooking sound make popping sounds while cooking spit or sputter when heated cook noisily due to moisture or fat
deflate,shape change,release trapped air,collapse after rising,remove gas from mixture,deflate whipped egg whites gently,,shape change release trapped air collapse after rising remove gas from mixture
stream,continuous action,pour in a steady flow,add liquid continuously,let liquid run smoothly,stream oil into dressing,,continuous action pour in a steady flow add liquid continuously let liquid run smoothly
crimp,shape change slight,pinch edges together,seal pastry decoratively,press to close dough,crimp pie crust edges,,shape change slight pinch edges together seal pastry decoratively press to close dough
floured,sprinkling flour,coated with flour,dusted to prevent sticking,lightly covered in flour,floured surface for rolling dough,,sprinkling flour coated with flour dusted to prevent sticking lightly covered in flour
punch,shape change,press down firmly,knock air out of dough,deflate risen dough,punch down bread dough,,shape change press down firmly knock air out of dough deflate risen dough
devein,clean fish,remove vein from seafood,clean shrimp vein,extract digestive tract,devein shrimp before cooking,,clean fish remove vein from seafood clean shrimp vein extract digestive tract
select,choosing,choose carefully,pick desired items,decide on ingredients,select ripe tomatoes,,choosing choose carefully pick desired items decide on ingredients
sterilize,cleaning strong,destroy bacteria,clean thoroughly for safety,make free of germs,sterilize jars for canning,,cleaning strong destroy bacteria clean thoroughly for safety make free of germs
overmix,mix more,mix too much,work ingredients excessively,overwork batter or dough,overmixing makes cake tough,,mix more mix too much work ingredients excessively overwork batter or dough
invert,flip action,turn upside down,flip container or food,reverse position,invert cake onto plate,,flip action turn upside down flip container or food reverse position
pressure,shape change,cook using steam pressure,apply force,use pressure cooking method,pressure cook beans,,shape change cook using steam pressure apply force use pressure cooking method
thread,string attaching,slide onto skewer,string ingredients together,arrange in a line,thread vegetables onto skewers,,string attaching slide onto skewer string ingredients together arrange in a line
scramble,mix eggs,stir while cooking,quickly mix eggs while heating,cook eggs with stirring,scramble eggs in pan,,mix eggs stir while cooking quickly mix eggs while heating cook eggs with stirring
knead,shape change,work dough by hand,press and fold repeatedly,develop gluten structure,knead bread dough,,shape change work dough by hand press and fold repeatedly develop gluten structure
steep,flavor change,soak in hot liquid,extract flavor over time,infuse liquid,steep tea or spices,,flavor change soak in hot liquid extract flavor over time infuse liquid
absorbed,absorb water,taken in fully,soaked into food,no liquid remains,rice has absorbed water,,absorb water taken in fully soaked into food no liquid remains
rise,shape change,increase in size,expand due to gas,dough grows larger,dough rises before baking,,shape change increase in size expand due to gas dough grows larger
smoking,flavoring food hot,giving off smoke,very hot cooking state,used for flavoring food,smoking pan before searing,,flavoring food hot giving off smoke very hot cooking state used for flavoring food
marinate,flavor change,soak in seasoned liquid,flavor before cooking,tenderize with marinade,marinate chicken overnight,,flavor change soak in seasoned liquid flavor before cooking tenderize with marinade
frost,layoring with frost,cover with icing,apply frosting,decorate baked goods,frost a cake,,layoring with frost cover with icing apply frosting decorate baked goods
foam,form bubble,mass of bubbles,light airy texture,bubbles formed by whisking,milk foam on coffee,,form bubble mass of bubbles light airy texture bubbles formed by whisking
crockpot,pressure cooking,slow cooker appliance,electric pot for long cooking,low-heat cooking device,stew cooks in crockpot,,pressure cooking slow cooker appliance electric pot for long cooking low-heat cooking device
caramelize,brown coating,brown sugars with heat,develop sweetness,cook until golden,caramelize onions,,brown coating brown sugars with heat develop sweetness cook until golden
refrigerate,shape change,keep cold for storage,store in refrigerator,slow food spoilage,refrigerate leftovers,,shape change keep cold for storage store in refrigerator slow food spoilage
grease,coat with fat,coat with fat,apply oil or butter,prevent sticking,grease baking pan,,coat with fat coat with fat apply oil or butter prevent sticking
evaporated,reduce water,reduced by heat,water removed,concentrated liquid,evaporated milk,,reduce water reduced by heat water removed concentrated liquid
overcook,cook extra,cook too long,exceed ideal doneness,ruin texture or flavor,overcooked pasta,,cook extra cook too long exceed ideal doneness ruin texture or flavor
massage,flavor change,rub gently by hand,work ingredients softly,change texture by rubbing,massage kale with oil,,flavor change rub gently by hand work ingredients softly change texture by rubbing
charred,burning surface heat,burned on surface,blackened by heat,smoky flavor result,charred peppers,,burning surface heat burned on surface blackened by heat smoky flavor result
evaporate,remove water,turn liquid to vapor,remove moisture by heating,reduce liquid content,water evaporates from sauce,,remove water turn liquid to vapor remove moisture by heating reduce liquid content
condensed,remove water more,thickened by reduction,water removed,concentrated form,condensed milk,,remove water more thickened by reduction water removed concentrated form
griddle,cooking item,flat cooking surface,metal plate for frying,used for pancakes,bake on a griddle,,cooking item flat cooking surface metal plate for frying used for pancakes
presentation,food decoration,visual arrangement of food,how food is served,plating style,good presentation improves appeal,,food decoration visual arrangement of food how food is served plating style
dredge,coating,coat lightly with flour,cover before cooking,prepare for frying,dredge fish in flour,,coating coat lightly with flour cover before cooking prepare for frying
barbecue,open heat cooking,cook over open flame,grill or smoke food,outdoor cooking method,barbecue ribs,,open heat cooking cook over open flame grill or smoke food outdoor cooking method
curdle,forming curd,separate into lumps,form curds due to heat or acid,milk proteins clump,milk curdles when boiled,,forming curd separate into lumps form curds due to heat or acid milk proteins clump
dollop,measuring unit,small rounded amount,spoonful portion,soft mound of food,dollop of cream,,measuring unit small rounded amount spoonful portion soft mound of food
scorching,high heat cooking,extremely hot,burning surface heat,risk of burning food,scorching pan heat,,high heat cooking extremely hot burning surface heat risk of burning food
tilt,pan movement,angle container,lean pan slightly,direct liquid flow,tilt pan to baste steak,,pan movement angle container lean pan slightly direct liquid flow
muddle,mixing items,crush gently,press to release flavors,lightly mash ingredients,muddle mint for drinks,,mixing items crush gently press to release flavors lightly mash ingredients
deglaze,light heat,loosen browned bits,dissolve pan residue with liquid,create sauce from drippings,deglaze pan with wine,,light heat loosen browned bits dissolve pan residue with liquid create sauce from drippings
freezing,cooling item,preserve by cold,turn liquid solid,store at very low temperature,freezing berries,,cooling item preserve by cold turn liquid solid store at very low temperature
parboil,cooking in water,boil briefly,partially cook in water,pre-cook ingredient,parboil potatoes,,cooking in water boil briefly partially cook in water pre-cook ingredient
baste,add water,moisten during cooking,spoon liquid over food,add flavor and moisture,baste roast chicken,,add water moisten during cooking spoon liquid over food add flavor and moisture
scrub,cleaning,clean by rubbing firmly,wash vegetables thoroughly,remove dirt,scrub potatoes,,cleaning clean by rubbing firmly wash vegetables thoroughly remove dirt
defrost,remove ice,remove ice,thaw frozen food,return to usable state,defrost meat safely,,remove ice remove ice thaw frozen food return to usable state
rising,shape change,dough expansion,increase in size,gas causes growth,dough rising before baking,,shape change dough expansion increase in size gas causes growth
preheat,preheat,heat beforehand,warm oven before cooking,prepare correct temperature,preheat oven to 180°c,,preheat heat beforehand warm oven before cooking prepare correct temperature
roux,mixture of flour,fat and flour mixture,base for thickening sauces,cooked flour paste,make roux for gravy,,mixture of flour fat and flour mixture base for thickening sauces cooked flour paste
store,place,keep for later use,place in storage,preserve food properly,store leftovers,,place keep for later use place in storage preserve food properly
tie,bind,bind with string,secure ingredients,hold shape while cooking,tie roast with twine,,bind bind with string secure ingredients hold shape while cooking
slit,cut open,make narrow cut,cut slightly open,create opening,slit chili peppers,,cut open make narrow cut cut slightly open create opening
distribute,spread parts,spread evenly,divide among parts,arrange throughout dish,distribute toppings evenly,,spread parts spread evenly divide among parts arrange throughout dish
bubbling,bubble formation,form bubbles,boiling action,release gas while cooking,sauce bubbling gently,,bubble formation form bubbles boiling action release gas while cooking
blanch,heat plus cool item,boil briefly then cool,scald vegetables quickly,prepare for freezing,blanch spinach,,heat plus cool item boil briefly then cool scald vegetables quickly prepare for freezing
flavoring,flavour,ingredient adding taste,seasoning component,enhance flavor,add flavoring to soup,,flavour ingredient adding taste seasoning component enhance flavor
pierce,small cut,make small hole,puncture surface,allow heat or flavor in,pierce potatoes before baking,,small cut make small hole puncture surface allow heat or flavor in
decorate,presentation,add visual detail,garnish food,improve appearance,decorate cake,,presentation add visual detail garnish food improve appearance
insert,small action,put inside,place within food,add ingredient internally,insert garlic into roast,,small action put inside place within food add ingredient internally
broil,high heat cooking,cook with intense top heat,use overhead heat,brown food quickly,broil fish fillets,,high heat cooking cook with intense top heat use overhead heat brown food quickly
unmold,take out of mold,remove from mold,release shaped food,turn out of container,unmold pudding,,take out of mold remove from mold release shaped food turn out of container
grate,shape change cheese,shred into fine pieces,rub against grater,reduce to small bits,grate cheese,,shape change cheese shred into fine pieces rub against grater reduce to small bits
prick,small cut,make small holes,puncture lightly,release steam or air,prick pastry dough,,small cut make small holes puncture lightly release steam or air
dressing,add flavor,seasoned sauce for food,mixture for salads,flavoring liquid,add dressing to salad,,add flavor seasoned sauce for food mixture for salads flavoring liquid
shred,shape change item,cut into thin strips,tear finely,reduce to strands,shred chicken,,shape change item cut into thin strips tear finely reduce to strands
ice,add ice cool,cool rapidly with ice,add ice to chill,lower temperature quickly,ice vegetables after blanching,,add ice cool cool rapidly with ice add ice to chill lower temperature quickly
flatten,shape change,make level or thin,press down evenly,reduce thickness,flatten dough,,shape change make level or thin press down evenly reduce thickness
sizzle,sound,make hissing sound,cook with hot fat,quick high-heat sound,steak sizzles in pan,,sound make hissing sound cook with hot fat quick high-heat sound
sear,brown coating heat,brown surface quickly,seal exterior with heat,develop crust,sear meat before roasting,,brown coating heat brown surface quickly seal exterior with heat develop crust
caramelized,brown coating sweet,browned by sugar reaction,golden and sweetened,cooked until rich brown,caramelized onions,,brown coating sweet browned by sugar reaction golden and sweetened cooked until rich brown
unroll,shape change,open rolled food,flatten from roll,prepare sheet,unroll pastry,,shape change open rolled food flatten from roll prepare sheet
sweeten,add sugar,add sugar,increase sweetness,improve taste,sweeten sauce lightly,,add sugar add sugar increase sweetness improve taste
flake,cut item,break into layers,separate gently,form small pieces,flake cooked fish,,cut item break into layers separate gently form small pieces
tuck,small shape change,push neatly into place,secure edges,hide excess,tuck dough edges under,,small shape change push neatly into place secure edges hide excess
stop,action,end a process,prevent continuation,cease cooking action,stop cooking to avoid burning,,action end a process prevent continuation cease cooking action
settle,action,allow to rest,let ingredients stabilize,pause before next step,let batter settle,,action allow to rest let ingredients stabilize pause before next step
moisten,add water,add slight liquid,prevent dryness,lightly wet,moisten cake layers,,add water add slight liquid prevent dryness lightly wet
rotate,action,turn around,change position,ensure even cooking,rotate baking tray,,action turn around change position ensure even cooking
crumble,cut item,break into small pieces,reduce to crumbs,create rough texture,crumble cheese,,cut item break into small pieces reduce to crumbs create rough texture
snap,cut item,break cleanly,crack sharply,test crispness,beans snap when fresh,,cut item break cleanly crack sharply test crispness
skim,remove water,remove surface layer,take off foam or fat,clear liquid,skim soup,,remove water remove surface layer take off foam or fat clear liquid
soak,add water,submerge in liquid,allow absorption,hydrate ingredient,soak beans overnight,,add water submerge in liquid allow absorption hydrate ingredient
sieve,filtering particles,strain dry or wet ingredients,separate fine particles,refine texture,sieve flour,,filtering particles strain dry or wet ingredients separate fine particles refine texture
stretch,shape change,pull gently to enlarge,extend dough,increase surface area,stretch pizza dough,,shape change pull gently to enlarge extend dough increase surface area
drip,remove liquid,let liquid fall slowly,allow excess liquid to drop,drain lightly,let oil drip off food,,remove liquid let liquid fall slowly allow excess liquid to drop drain lightly
sweat,cook slowly,soften without browning,release moisture gently,cook slowly in fat,sweat onions,,cook slowly soften without browning release moisture gently cook slowly in fat
handle,action,touch and move food,manage ingredients carefully,work with gently,handle dough lightly,,action touch and move food manage ingredients carefully work with gently
submerge,add water,put completely under liquid,cover fully with liquid,immerse ingredient,submerge pasta in boiling water,,add water put completely under liquid cover fully with liquid immerse ingredient
spray,add liquid,apply as fine mist,distribute liquid lightly,coat evenly,spray oil on pan,,add liquid apply as fine mist distribute liquid lightly coat evenly
flip,action,turn over,reverse sides,change cooking surface,flip pancake,,action turn over reverse sides change cooking surface
immerse,add water,place fully in liquid,submerge completely,soak entirely,immerse vegetables in ice bath,,add water place fully in liquid submerge completely soak entirely
powdered,shape change,ground into fine dust,very fine texture,reduced to powder form,powdered sugar,,shape change ground into fine dust very fine texture reduced to powder form
sift,tool,pass through sieve,aerate dry ingredients,remove lumps,sift flour,,tool pass through sieve aerate dry ingredients remove lumps
shake,action,move back and forth,agitate ingredients,mix lightly,shake dressing,,action move back and forth agitate ingredients mix lightly
wilt,shape change,soften leaves,become limp from heat,reduce firmness,wilt spinach,,shape change soften leaves become limp from heat reduce firmness
scrape,clean,remove by dragging tool,collect residue,clean surface,scrape pan bottom,,clean remove by dragging tool collect residue clean surface
smoke,add flavor,cook using smoke,flavor with burning wood,preserve and flavor,smoke fish,,add flavor cook using smoke flavor with burning wood preserve and flavor
marinade,add flavor,seasoned soaking liquid,flavoring mixture,tenderizing liquid,prepare a marinade,,add flavor seasoned soaking liquid flavoring mixture tenderizing liquid
dissolve,mix in water,blend into liquid fully,disappear into liquid,combine completely,dissolve sugar in water,,mix in water blend into liquid fully disappear into liquid combine completely
toast,brown with heat,brown with dry heat,heat until crisp,enhance flavor,toast bread,,brown with heat brown with dry heat heat until crisp enhance flavor
squeeze,action,press to extract liquid,remove juice,apply pressure,squeeze lemon juice,,action press to extract liquid remove juice apply pressure
grind,cut item,crush into small particles,powder by crushing,reduce size,grind spices,,cut item crush into small particles powder by crushing reduce size
blitz,cut item heavily,process quickly in blender,puree rapidly,blend at high speed,blitz soup,,cut item heavily process quickly in blender puree rapidly blend at high speed
bubble,form bubble,form bubbles,boil gently,release gas,mixture bubbles while heating,,form bubble form bubbles boil gently release gas
slash,cut item,make long cut,score surface,allow expansion,slash bread dough,,cut item make long cut score surface allow expansion
blot,remove water,absorb excess liquid,remove moisture,dry surface,blot fried food,,remove water absorb excess liquid remove moisture dry surface
style,decorate,arrange attractively,shape presentation,decorate food,style plated dessert,,decorate arrange attractively shape presentation decorate food
trim,remove unwanted item,remove excess parts,cut unwanted edges,neaten ingredient,trim fat from meat,,remove unwanted item remove excess parts cut unwanted edges neaten ingredient
twist,action,turn or coil,rotate ends,shape ingredient,twist breadsticks,,action turn or coil rotate ends shape ingredient
whip,shape change,beat rapidly,add air to mixture,increase volume,whip cream,,shape change beat rapidly add air to mixture increase volume
carve,cut item,cut cooked meat,slice neatly,prepare servings,carve roast,,cut item cut cooked meat slice neatly prepare servings
divide,cut item,separate into portions,split evenly,create equal parts,divide dough,,cut item separate into portions split evenly create equal parts
meld,mix flavor,blend flavors together,combine smoothly,unite tastes,flavors meld in stew,,mix flavor blend flavors together combine smoothly unite tastes
swirl,action,move in circular motion,mix gently,create pattern,swirl sauce on plate,,action move in circular motion mix gently create pattern
thicken,reduce liquid,increase density,reduce liquid,add body to sauce,thicken gravy,,reduce liquid increase density reduce liquid add body to sauce
garnish,decorate,decorate dish,add finishing touch,improve appearance,garnish with herbs,,decorate decorate dish add finishing touch improve appearance
,nan,nan,nan,nan,nan,,nan nan nan nan
thaw,remove ice,defrost frozen food,return to room temperature,remove ice safely,thaw meat before cooking,,remove ice defrost frozen food return to room temperature remove ice safely
braise,slow heat,cook slowly with liquid,moist-heat cooking method,low and slow cooking,braise beef,,slow heat cook slowly with liquid moist-heat cooking method low and slow cooking
uncover,action,remove lid or cover,expose food during cooking,allow browning or evaporation,uncover pot to reduce sauce,,action remove lid or cover expose food during cooking allow browning or evaporation
process,shape change,prepare using machinery,blend or grind ingredients,transform using food processor,process nuts into paste,,shape change prepare using machinery blend or grind ingredients transform using food processor
bake,heating,cook with dry heat,use oven heat,even cooking method,bake bread,,heating cook with dry heat use oven heat even cooking method
rinse,clean,wash lightly with water,remove residue or starch,clean briefly,rinse rice,,clean wash lightly with water remove residue or starch clean briefly
repeat,action,do again,perform step once more,carry out same action,repeat stirring process,,action do again perform step once more carry out same action
scatter,decoration,spread loosely,distribute lightly over surface,arrange evenly,scatter herbs on dish,,decoration spread loosely distribute lightly over surface arrange evenly
square,shape change,shape into equal sides,form even edges,cut into squares,square brownies,,shape change shape into equal sides form even edges cut into squares
char,add flavor,burn surface intentionally,blacken with high heat,add smoky flavor,char vegetables,,add flavor burn surface intentionally blacken with high heat add smoky flavor
uncovered,action,not covered during cooking,exposed to air,allow evaporation,bake uncovered,,action not covered during cooking exposed to air allow evaporation
whirl,action,spin rapidly,mix in circular motion,blend by spinning,whirl sauce in blender,,action spin rapidly mix in circular motion blend by spinning
seal,action,close tightly,lock in moisture,prevent air entry,seal container,,action close tightly lock in moisture prevent air entry
wipe,clean,clean surface lightly,remove residue with cloth,dry or clean gently,wipe cutting board,,clean clean surface lightly remove residue with cloth dry or clean gently
assemble,action,put components together,combine prepared parts,build final dish,assemble sandwich,,action put components together combine prepared parts build final dish
wash,clean,clean with water,remove dirt or residue,prepare for use,wash vegetables,,clean clean with water remove dirt or residue prepare for use
strain,filter,separate liquid from solids,filter mixture,remove particles,strain broth,,filter separate liquid from solids filter mixture remove particles
pop,many meaning,burst open suddenly,expand and open with heat,release steam,pop popcorn,,many meaning burst open suddenly expand and open with heat release steam
strip,item separate,remove outer layer,pull off skin or leaves,take away covering,strip herbs from stems,,item separate remove outer layer pull off skin or leaves take away covering
brush,action,apply liquid lightly,spread using brush,coat surface,brush oil on bread,,action apply liquid lightly spread using brush coat surface
smear,action,spread thickly,coat unevenly,apply with hand or tool,smear butter on toast,,action spread thickly coat unevenly apply with hand or tool
poach,cook in water,cook gently in liquid,low-temperature simmering,moist cooking method,poach eggs,,cook in water cook gently in liquid low-temperature simmering moist cooking method
ladle,utensil,serve with deep spoon,pour using ladle,transfer liquid food,ladle soup into bowl,,utensil serve with deep spoon pour using ladle transfer liquid food
seasoning,add flavor,flavoring ingredients,salt and spices mix,enhance taste,add seasoning to soup,,add flavor flavoring ingredients salt and spices mix enhance taste
poke,cut item small,make small hole,prod lightly,puncture surface,poke holes in potatoes,,cut item small make small hole prod lightly puncture surface
dress,add flavor,add dressing or sauce,season and coat food,finish salad,dress the salad,,add flavor add dressing or sauce season and coat food finish salad
burn,high heat cooking,overheat food,blacken unintentionally,cause scorching,burn sugar quickly,,high heat cooking overheat food blacken unintentionally cause scorching
reduce,remove water,simmer to thicken,evaporate excess liquid,concentrate flavor,reduce sauce,,remove water simmer to thicken evaporate excess liquid concentrate flavor
dust,sprinkling item,lightly sprinkle powder,add fine coating,coat gently,dust cake with sugar,,sprinkling item lightly sprinkle powder add fine coating coat gently
stack,shape change,place items on top of each other,arrange in layers,pile neatly,stack pancakes,,shape change place items on top of each other arrange in layers pile neatly
reheat,low heating,heat again,warm cooked food,restore serving temperature,reheat leftovers,,low heating heat again warm cooked food restore serving temperature
dripping,liquid leftover,liquid falling from food,fat released during cooking,juices from meat,collect pan drippings,,liquid leftover liquid falling from food fat released during cooking juices from meat
transfer,action,move from one place to another,shift food to new container,relocate ingredients,transfer sauce to bowl,,action move from one place to another shift food to new container relocate ingredients
soften,shape change,make less firm,reduce hardness,loosen texture,soften butter,,shape change make less firm reduce hardness loosen texture
drizzle,?,pour lightly in thin stream,add small amount of liquid,decorate with sauce,drizzle olive oil,,? pour lightly in thin stream add small amount of liquid decorate with sauce
arrange,action,place neatly,organize food visually,prepare presentation,arrange vegetables on plate,,action place neatly organize food visually prepare presentation
measure,unit,determine exact amount,use measuring tools,portion ingredients accurately,measure flour,,unit determine exact amount use measuring tools portion ingredients accurately
fold,mixing,combine gently,turn mixture over softly,preserve air,fold egg whites into batter,,mixing combine gently turn mixture over softly preserve air
beat,shape change,mix vigorously,stir rapidly,incorporate air,beat eggs,,shape change mix vigorously stir rapidly incorporate air
simmer,low heating,cook just below boiling,heat gently,maintain slow bubbles,simmer soup,,low heating cook just below boiling heat gently maintain slow bubbles
saute,high heat cooking,cook quickly in small fat,high-heat frying,shallow pan cooking,saute onions,,high heat cooking cook quickly in small fat high-heat frying shallow pan cooking
mould,shape change,shape food,form using mold,create set shape,mould butter,,shape change shape food form using mold create set shape
shape,shape change,form into desired form,give structure,create outline,shape dough,,shape change form into desired form give structure create outline
stirring,mixing,moving ingredients around,mixing continuously,prevent sticking,stirring sauce,,mixing moving ingredients around mixing continuously prevent sticking
raise,action,increase height or level,cause dough to grow,elevate mixture,yeast raises dough,,action increase height or level cause dough to grow elevate mixture
tear,cut item,pull apart roughly,divide by hand,separate unevenly,tear lettuce,,cut item pull apart roughly divide by hand separate unevenly
pick,action,choose or remove carefully,select small items,pluck gently,pick herbs,,action choose or remove carefully select small items pluck gently
stand,action,allow to rest,let sit without movement,pause process,let dough stand,,action allow to rest let sit without movement pause process
scoop,unit,lift with spoon,remove portion,serve rounded amount,scoop ice cream,,unit lift with spoon remove portion serve rounded amount
stuff,add mixing,fill with mixture,pack ingredients inside,insert filling,stuff peppers,,add mixing fill with mixture pack ingredients inside insert filling
smash,shape change,crush forcefully,flatten completely,break into pieces,smash garlic,,shape change crush forcefully flatten completely break into pieces
sort,prepare,arrange by type,separate items,organize ingredients,sort beans,,prepare arrange by type separate items organize ingredients
clean,clean,remove dirt,wash thoroughly,prepare hygienically,clean vegetables,,clean remove dirt wash thoroughly prepare hygienically
prepare,prepare,make ready for cooking,complete initial steps,organize ingredients,prepare ingredients,,prepare make ready for cooking complete initial steps organize ingredients
squash,shape change,press flat,crush gently,reduce thickness,squash tomatoes,,shape change press flat crush gently reduce thickness
mash,high mixing,crush until smooth,press into paste,break down texture,mash potatoes,,high mixing crush until smooth press into paste break down texture
dash,unit,add small amount,quick light addition,minimal quantity,dash of salt,,unit add small amount quick light addition minimal quantity
crush,shape change,press or grind forcefully,break into smaller pieces,reduce texture,crush garlic,,shape change press or grind forcefully break into smaller pieces reduce texture
drain,remove liquid,remove liquid from solid,let liquid run off,separate food from water,drain pasta,,remove liquid remove liquid from solid let liquid run off separate food from water
splash,add liquid,spray liquid lightly,scatter small drops,add water or sauce quickly,splash water on vegetables,,add liquid spray liquid lightly scatter small drops add water or sauce quickly
glaze,coating,coat with glossy layer,apply sugar or sauce,add shiny finish,glaze donuts,,coating coat with glossy layer apply sugar or sauce add shiny finish
break,cut item small,separate into pieces,divide food forcefully,split ingredient,break chocolate into chunks,,cut item small separate into pieces divide food forcefully split ingredient
chill,cool item,cool in refrigerator,lower temperature,prepare for serving,chill dough before baking,,cool item cool in refrigerator lower temperature prepare for serving
drop,action,let fall in small portions,release ingredient gently,place in batter,drop cookie dough onto tray,,action let fall in small portions release ingredient gently place in batter
test,action,check doneness,examine readiness,verify cooking result,test cake with toothpick,,action check doneness examine readiness verify cooking result
dice,cut item high,cut into small cubes,chop evenly into pieces,uniform cutting,dice vegetables,,cut item high cut into small cubes chop evenly into pieces uniform cutting
lard,prepare,insert fat into meat,fill with fat,prepare pastry or meat,lard pork roast,,prepare insert fat into meat fill with fat prepare pastry or meat
unwrap,action,remove covering,take off packaging,expose food,unwrap chocolate,,action remove covering take off packaging expose food
slather,coating,spread thickly,coat generously,apply in large amount,slather butter on bread,,coating spread thickly coat generously apply in large amount
rub,action,rub spices or fat into food,massage seasoning in,apply friction,rub roast with herbs,,action rub spices or fat into food massage seasoning in apply friction
moist,add water,containing enough water,not dry,retain juiciness,moist cake,,add water containing enough water not dry retain juiciness
scald,low heating,heat liquid almost to boiling,hot but not boiling,prepare for pasteurization,scald milk,,low heating heat liquid almost to boiling hot but not boiling prepare for pasteurization
pat,action,press lightly,flatten with hand,shape gently,pat dough,,action press lightly flatten with hand shape gently
steam,water cooking,cook with steam,use vapor to cook,moist-heat method,steam vegetables,,water cooking cook with steam use vapor to cook moist-heat method
split,cut item,divide lengthwise,separate in half,cut into sections,split buns,,cut item divide lengthwise separate in half cut into sections
pack,prepare,place tightly into container,fill storage,organize food,packed lunch box,,prepare place tightly into container fill storage organize food
mound,shape change,shape into small heap,pile food loosely,form round pile,mound rice on plate,,shape change shape into small heap pile food loosely form round pile
replace,action,put back in place,swap items,substitute ingredient,replace lid on pot,,action put back in place swap items substitute ingredient
foil,prepare,wrap in metal sheet,cover with aluminum,protect food during cooking,foil fish before baking,,prepare wrap in metal sheet cover with aluminum protect food during cooking
roast,high heat cooking,cook with dry heat in oven,bake meat or vegetables,slow even cooking,roaѕt chicken,,high heat cooking cook with dry heat in oven bake meat or vegetables slow even cooking
unfold,shape change,open folded item,spread out flat,expose layers,unfold puff pastry,,shape change open folded item spread out flat expose layers
yield,output,produce amount,provide output,result in quantity,dough yields 12 rolls,,output produce amount provide output result in quantity
smooth,shape change,even surface,no lumps,polish texture,smooth frosting,,shape change even surface no lumps polish texture
press,action,apply firm force,flatten with hand or tool,compact ingredients,press dough into pan,,action apply firm force flatten with hand or tool compact ingredients
puree,mix high,blend into smooth paste,liquidize ingredients,mix thoroughly,puree carrots for soup,,mix high blend into smooth paste liquidize ingredients mix thoroughly
roll,shape change,flatten or shape by rolling,form cylinder,shape dough,roll out pastry,,shape change flatten or shape by rolling form cylinder shape dough
sprout,?,begin growth,produce shoots,vegetable germination,bean sprouts,,? begin growth produce shoots vegetable germination
serve,prepare,present food for eating,offer to diners,distribute dishes,serve salad,,prepare present food for eating offer to diners distribute dishes
skin,shape change,remove outer layer,peel off covering,prepare surface,skin tomatoes,,shape change remove outer layer peel off covering prepare surface
whisk,shape change,beat rapidly,incorporate air,mix quickly,whisk eggs,,shape change beat rapidly incorporate air mix quickly
melt,shape change,change solid to liquid,heat until liquid,softening with heat,melt butter,,shape change change solid to liquid heat until liquid softening with heat
hold,action,keep at certain temperature,maintain position or state,preserve food,hold soup warm,,action keep at certain temperature maintain position or state preserve food
check,prepare,inspect or test,verify cooking progress,ensure readiness,check cake for doneness,,prepare inspect or test verify cooking progress ensure readiness
wrap,action,cover with material,enclose food,seal ingredients,wrap sandwich in foil,,action cover with material enclose food seal ingredients
boil,water cooking,cook in rapidly bubbling liquid,heat water until rolling boil,high-temperature cooking,boil pasta,,water cooking cook in rapidly bubbling liquid heat water until rolling boil high-temperature cooking
reserve,action,set aside for later,keep portion,save ingredient,reserve some sauce,,action set aside for later keep portion save ingredient
pull,shape change,stretch or draw apart,remove with force,extract ingredient,pull dough for bread,,shape change stretch or draw apart remove with force extract ingredient
fill,action,add content to container,stuff ingredient,complete portion,fill pastry with cream,,action add content to container stuff ingredient complete portion
start,action,begin cooking,initiate process,turn on appliance,start oven preheating,,action begin cooking initiate process turn on appliance
sprinkle,sprinkle item,scatter small amounts,lightly add topping,distribute evenly,sprinkle sugar on cake,,sprinkle item scatter small amounts lightly add topping distribute evenly
spread,coating,apply evenly,distribute across surface,coat,spread butter on toast,,coating apply evenly distribute across surface coat
move,action,change position,shift ingredient,transfer to new location,move bowl aside,,action change position shift ingredient transfer to new location
minced,cut item,cut into very small pieces,finely chopped,reduce size of ingredient,minced garlic,,cut item cut into very small pieces finely chopped reduce size of ingredient
cream,mixing,beat until smooth,combine fat and sugar,make light mixture,cream butter and sugar,,mixing beat until smooth combine fat and sugar make light mixture
combine,mixing,mix together,bring ingredients into one,blend thoroughly,combine flour and eggs,,mixing mix together bring ingredients into one blend thoroughly
dump,action,pour all at once,add quickly,transfer bulk ingredient,dump vegetables into pot,,action pour all at once add quickly transfer bulk ingredient
peel,shape change,remove skin or outer layer,skin fruit or vegetable,strip off covering,peel apples,,shape change remove skin or outer layer skin fruit or vegetable strip off covering
coat,coating,cover with layer,apply outer layer,encase ingredient,coat chicken with breadcrumbs,,coating cover with layer apply outer layer encase ingredient
dip,action,immerse briefly in liquid,soak partially,cover surface quickly,dip strawberries in chocolate,,action immerse briefly in liquid soak partially cover surface quickly
throw,action,add quickly,mix roughly,put in container,throw vegetables into pan,,action add quickly mix roughly put in container
fry,high heat cooking,cook in hot oil,cook in fat,high-heat method,fry eggs,,high heat cooking cook in hot oil cook in fat high-heat method
season,add flavor,add flavor,use spices or salt,enhance taste,season soup with pepper,,add flavor add flavor use spices or salt enhance taste
zest,?,grate outer peel of citrus,extract aromatic layer,add flavor,zest lemon over cake,,? grate outer peel of citrus extract aromatic layer add flavor
mince,cut item,cut into very small pieces,chop finely,reduce to tiny bits,mince onions,,cut item cut into very small pieces chop finely reduce to tiny bits
push,action,move by applying pressure,press forward,shift ingredient,push dough into pan,,action move by applying pressure press forward shift ingredient
chop,cut item,cut into pieces,divide roughly,cut ingredients,chop onions,,cut item cut into pieces divide roughly cut ingredients
separate,cut item,divide into parts,remove layers,split ingredient,separate egg yolk from white,,cut item divide into parts remove layers split ingredient
butter,apply,apply butter,add fat,spread over surface,butter the pan,,apply apply butter add fat spread over surface
slice,cut item,cut into flat pieces,divide food,make thin portions,slice bread,,cut item cut into flat pieces divide food make thin portions
wet,add water,moisten with liquid,add water or other liquid,prevent dryness,wet hands when shaping dough,,add water moisten with liquid add water or other liquid prevent dryness
sit,action,rest without disturbance,allow to stand,pause process,let dough sit for 10 minutes,,action rest without disturbance allow to stand pause process
save,action,keep for later,reserve portion,store ingredient,save leftover sauce,,action keep for later reserve portion store ingredient
wait,action,pause before next step,allow time to pass,delay action,wait for dough to rise,,action pause before next step allow time to pass delay action
wok,utensil,shallow pan for stir-frying,round-bottomed pan,high-heat cooking,use wok for stir-fry,,utensil shallow pan for stir-frying round-bottomed pan high-heat cooking
open,action,uncover or unfold,remove lid,expose ingredients,open jar of sauce,,action uncover or unfold remove lid expose ingredients
stew,slow heat cooking,cook slowly in liquid,simmer until tender,moist-heat method,stew beef for 2 hours,,slow heat cooking cook slowly in liquid simmer until tender moist-heat method
blend,mix high,mix thoroughly,combine ingredients smoothly,puree together,blend fruits for smoothie,,mix high mix thoroughly combine ingredients smoothly puree together
touch,action,handle lightly,test by hand,feel texture,touch dough gently,,action handle lightly test by hand feel texture
cool,cool item,lower temperature,allow to reach room temp,chill slightly,cool cake on rack,,cool item lower temperature allow to reach room temp chill slightly
toss,action,mix lightly by lifting,combine ingredients gently,shake to mix,toss salad,,action mix lightly by lifting combine ingredients gently shake to mix
cut,cut item,divide with knife,slice or chop,shape ingredients,cut vegetables,,cut item divide with knife slice or chop shape ingredients
taste,action,sample for flavor,check seasoning,test doneness,taste soup before serving,,action sample for flavor check seasoning test doneness
rest,action,let food stand,allow to settle,pause cooking,rest meat after roasting,,action let food stand allow to settle pause cooking
pre-heat,low heating,heat oven beforehand,warm appliance before use,prepare correct temperature,pre-heat oven to 180°c,,low heating heat oven beforehand warm appliance before use prepare correct temperature
cover,action,place lid on top,protect from heat or moisture,seal container,cover pot while simmering,,action place lid on top protect from heat or moisture seal container
stir-fry,high heat cooking,cook quickly in hot pan with oil,high-heat method,shake and move ingredients,stir-fry vegetables,,high heat cooking cook quickly in hot pan with oil high-heat method shake and move ingredients
pan-fry,high heat cooking,cook in shallow oil,medium-heat cooking,brown surface,pan-fry chicken,,high heat cooking cook in shallow oil medium-heat cooking brown surface
turn,action,flip or rotate,change side or orientation,move position,turn steak in pan,,action flip or rotate change side or orientation move position
remove,action,take away,extract ingredient,discard,remove skin from fish,,action take away extract ingredient discard
dry,remove liquid,eliminate moisture,remove water,make surface dry,dry washed lettuce,,remove liquid eliminate moisture remove water make surface dry
warm,low heating,increase temperature slightly,heat gently,keep at serving temp,warm soup,,low heating increase temperature slightly heat gently keep at serving temp
pour,action,transfer liquid,flow into container,add ingredient,pour batter into pan,,action transfer liquid flow into container add ingredient
note,action,observe or record,pay attention,mark details,note oven temperature,,action observe or record pay attention mark details
top,prepare,place on upper surface,add finishing layer,decorate,top cake with strawberries,,prepare place on upper surface add finishing layer decorate
heat,low heating,increase temperature,cook using warmth,apply energy,heat oil before sautéing,,low heating increase temperature cook using warmth apply energy
cook,action,prepare food with heat,apply heat to ingredients,transform raw to edible,cook pasta,,action prepare food with heat apply heat to ingredients transform raw to edible
place,action,put in position,set ingredient down,arrange on surface,place dough on tray,,action put in position set ingredient down arrange on surface
stir,mixing,mix by rotating,move ingredients around,prevent sticking,stir soup,,mixing mix by rotating move ingredients around prevent sticking
take,action,remove or pick up,carry away,grab ingredient,take pan off heat,,action remove or pick up carry away grab ingredient
put,action,place somewhere,set ingredient down,add to dish,put vegetables in pot,,action place somewhere set ingredient down add to dish
mix,mixing,combine ingredients,blend thoroughly,stir together,mix flour and sugar,,mixing combine ingredients blend thoroughly stir together
set,action,allow to firm,let rest until stable,fix shape,set jelly in fridge,,action allow to firm let rest until stable fix shape
add,action,include ingredient,introduce into mixture,combine with others,add salt to taste,,action include ingredient introduce into mixture combine with others
